Date,AAPL,MSFT,SPY,QQQ,GLD,TLT
2019-01-02,37.436909,94.016129,223.805939,147.878342,121.330002,97.560516
2019-01-03,33.707928,90.557465,218.465363,143.047089,122.43,98.670647
2019-01-04,35.146896,94.769264,225.782974,149.167313,121.440002,97.528496
2019-01-07,35.068665,94.890106,227.563171,150.943237,121.860001,97.240974
2019-01-08,35.737175,95.578133,229.701263,152.308624,121.529999,96.985382
2019-01-09,36.344059,96.944847,230.774734,153.54982,122.309998,96.833611
2019-01-10,36.460213,96.32193,231.588821,153.988998,121.589996,96.210625
2019-01-11,36.102261,95.578133,231.678253,153.42572,121.800003,96.58606
2019-01-14,35.55938,94.880821,230.264816,152.069916,122.089996,96.226639
2019-01-15,36.28717,97.632866,232.903778,155.039276,121.879997,95.875183
2019-01-16,36.730476,97.976883,233.467422,155.010666,122.269997,95.971016
2019-01-17,36.948566,98.664894,235.238678,156.232758,122.110001,95.995018
2019-01-18,37.176144,100.143181,238.369751,157.779572,121.019997,95.491814
2019-01-22,36.341702,98.255814,235.149185,154.619171,121.449997,96.138763
2019-01-23,36.488667,99.213455,235.64122,154.819656,121.279999,96.098846
2019-01-24,36.199451,98.739265,235.766525,155.82222,121.089996,96.729813
2019-01-25,37.398975,99.641113,237.761383,157.684021,122.860001,96.266556
2019-01-28,37.052868,97.697968,235.954315,155.736298,123.290001,96.170692
2019-01-29,36.668835,95.708298,235.64122,154.2659,123.980003,96.657928
2019-01-30,39.174583,98.906624,239.371628,158.190094,124.690002,96.58606
2019-01-31,39.456699,97.093597,241.473907,160.557983,124.75,97.41671
2019-02-01,39.475658,95.559532,241.59021,159.880112,124.5,96.828339
2019-02-04,40.596962,98.311592,243.289963,161.866058,123.959999,96.396072
2019-02-05,41.291553,99.687622,244.309708,163.298264,124.279999,96.836334
2019-02-06,41.305782,98.581192,243.987747,162.811295,123.440002,96.884361
2019-02-07,40.523472,97.874603,241.661774,160.624786,123.739998,97.524734
2019-02-08,40.571087,98.246513,241.957001,160.93988,124.209999,97.94104
2019-02-11,40.337765,97.856003,242.091171,160.78714,123.599998,97.55677
2019-02-12,40.68536,99.380806,245.204269,163.164597,123.860001,97.308609
2019-02-13,40.516335,99.306404,246.000458,163.279129,123.370003,96.940407
2019-02-14,40.66394,99.390121,245.454788,163.479675,124.059998,97.492722
2019-02-15,40.573463,100.617363,248.129593,164.167114,124.800003,97.644814
2019-02-19,40.694893,100.570877,248.559006,164.491714,126.699997,97.89299
2019-02-20,40.956776,100.048012,249.060013,164.463089,126.480003,97.612816
2019-02-21,40.725842,102.158211,248.174286,163.861542,125.050003,96.740273
2019-02-22,41.180569,103.614792,249.713013,165.074142,125.5,97.316628
2019-02-25,41.480545,104.193695,250.052948,165.67572,125.370003,97.02845
2019-02-26,41.504349,104.912666,249.8741,165.847549,125.580002,97.50872
2019-02-27,41.632912,104.735268,249.766678,165.742493,124.690002,96.404068
2019-02-28,41.223434,104.60453,249.301468,165.360596,123.989998,96.07579
2019-03-01,41.656738,105.071381,250.858078,166.506317,121.879997,95.187828
2019-03-04,41.866234,104.819298,249.945587,166.535004,121.559998,95.93383
2019-03-05,41.790051,104.296417,249.605652,166.659119,121.720001,96.13443
2019-03-06,41.549587,104.343086,248.093765,165.713867,121.610001,96.487343
2019-03-07,41.068684,103.073235,246.018433,163.680161,121.510002,97.113068
2019-03-08,41.166283,103.185295,245.526337,163.431946,122.839996,97.522186
2019-03-11,42.592381,105.351517,249.086823,166.830948,122.239998,97.233398
2019-03-12,43.070915,106.089157,250.026108,167.747589,122.980003,97.915276
2019-03-13,43.261375,106.910828,251.681107,169.007858,123.839996,97.730766
2019-03-14,43.742298,106.99485,251.520081,168.721481,122.410004,97.024841
2019-03-15,44.31131,108.227348,252.762741,170.287338,122.970001,97.666603
2019-03-18,44.763664,109.777336,253.679138,170.692932,123.040001,97.610443
2019-03-19,44.408928,109.852028,253.742081,171.26683,123.379997,97.393829
2019-03-20,44.796993,109.730675,252.978317,171.945953,124.18,98.412643
2019-03-21,46.446873,112.251709,255.835663,174.63382,123.68,98.629211
2019-03-22,45.485043,109.291801,250.911682,170.798096,123.970001,100.161377
2019-03-25,44.935081,109.861382,250.723099,170.4729,124.919998,100.321846
2019-03-26,44.470825,110.094795,252.591949,171.26683,124.300003,100.249672
2019-03-27,44.870792,109.030357,251.271149,170.166733,123.650002,101.17215
2019-03-28,44.930313,109.179764,252.223602,170.558975,121.900002,101.525116
2019-03-29,45.223156,110.122841,253.813965,171.850266,122.010002,101.428848
2019-04-01,45.530285,111.131256,256.823944,174.126831,121.529999,99.988174
2019-04-02,46.192123,111.289948,256.949768,174.786865,121.980003,100.173096
2019-04-03,46.508789,112.01825,257.354126,175.791245,121.800003,99.304825
2019-04-04,46.589729,111.448715,258.037048,175.724258,122.110001,99.586189
2019-04-05,46.901623,111.94355,259.286011,176.63295,121.980003,99.714836
2019-04-08,47.639656,111.980927,259.483551,177.082535,122.510002,99.361076
2019-04-09,47.496807,111.374008,258.153778,176.460754,123.150002,99.674652
2019-04-10,47.763466,112.223694,259.034363,177.407776,123.529999,99.915794
2019-04-11,47.365868,112.354416,258.962463,176.986847,121.949997,99.328926
2019-04-12,47.346817,112.933319,260.714661,177.752121,121.830002,98.621437
2019-04-15,47.432533,113.02668,260.543945,177.780777,121.599998,98.870674
2019-04-16,47.437298,112.765221,260.714661,178.393005,120.510002,98.251625
2019-04-17,48.361046,113.698952,260.076691,179.014709,120.279999,98.291801
2019-04-18,48.534836,115.192924,260.588715,179.244308,120.370003,98.806381
2019-04-22,48.694351,115.557068,260.813416,179.751236,120.370003,98.332001
2019-04-23,49.396687,117.12571,263.1586,182.037369,120.120003,98.541046
2019-04-24,49.320507,116.724205,262.574585,181.463409,120.470001,99.345016
2019-04-25,48.872913,120.589798,262.412811,182.199921,120.57,99.200287
2019-04-26,48.639584,121.280769,263.634674,182.362595,121.370003,99.537926
2019-04-29,48.71339,121.168724,264.048096,182.716492,120.830002,98.90284
2019-04-30,47.77536,121.94371,264.1828,181.300797,121.199997,99.409286
2019-05-01,50.120441,119.403984,262.197205,180.7173,120.400002,99.819397
2019-05-02,49.79427,117.844666,261.631073,179.932983,119.940002,99.344048
2019-05-03,50.413277,120.356361,264.191864,182.802597,120.650002,99.626038
2019-05-06,49.634758,119.65609,263.104675,181.683411,120.809998,99.899986
2019-05-07,48.296757,117.200401,258.710938,178.144257,121.209999,100.665314
2019-05-08,48.306271,117.191071,258.351471,177.694717,120.910004,100.23027
2019-05-09,47.78727,117.18174,257.569733,176.738174,121.199997,100.641144
2019-05-10,47.125252,118.703697,258.863586,176.958191,121.43,100.504173
2019-05-13,44.386356,115.174248,252.358353,170.817245,122.669998,101.29377
2019-05-14,45.089024,116.462791,254.640533,172.692062,122.459999,100.995659
2019-05-15,45.629139,118.102821,256.132111,175.13121,122.389999,101.616005
2019-05-16,45.428383,120.830017,258.50415,176.89122,121.510002,101.277618
2019-05-17,45.170258,120.024033,256.833008,175.083359,120.650002,101.503204
2019-05-20,43.757797,118.290276,255.134827,172.12767,120.639999,101.29377
2019-05-21,44.596687,118.927551,257.434967,173.925964,120.360001,101.132576
2019-05-22,43.683716,119.649162,256.644379,173.151169,120.239998,101.712669
2019-05-23,42.938042,118.252785,253.508514,170.501572,121.169998,102.856674
2019-05-24,42.77314,118.309036,254.083603,170.415527,121.300003,102.945274
2019-05-28,42.596272,118.234032,251.720428,169.774658,120.830002,103.686493
2019-05-29,42.39312,117.090698,250.031143,168.378098,120.870003,104.00071
2019-05-30,42.612999,117.831062,250.714096,169.085922,121.690002,104.894928
2019-05-31,41.841049,115.909828,247.335632,166.388489,123.330002,106.208138
2019-06-03,41.418026,112.311058,246.706741,162.725006,125.110001,106.918587
2019-06-04,42.933258,115.422501,252.061813,167.306763,125.150002,105.699532
2019-06-05,43.626358,117.924774,254.245224,168.550247,125.470001,105.10215
2019-06-06,44.26685,119.789764,255.898499,169.889374,125.879997,105.441261
2019-06-07,45.44511,123.144844,258.459351,173.170364,126.589996,106.353485
2019-06-10,46.025864,124.269424,259.645416,175.188522,125.330002,105.352425
2019-06-11,46.558823,123.800873,259.582397,175.427719,125.18,105.417007
2019-06-12,46.410664,123.229195,259.124207,174.413803,125.830002,105.497704
2019-06-13,46.401093,124.00705,260.19342,175.446838,126.599998,105.861008
2019-06-14,46.064117,124.128853,259.905945,174.70079,126.559998,106.127434
2019-06-17,46.338947,124.503723,260.004791,175.752991,126.480003,106.313133
2019-06-18,47.42878,126.668594,262.727264,178.306854,127.120003,106.845932
2019-06-19,47.290157,127.165344,263.320312,178.976456,127.889999,106.999275
2019-06-20,47.670158,128.346146,265.836151,180.640869,131.110001,107.281891
2019-06-21,47.507637,128.364914,265.449615,180.372986,131.979996,106.10321
2019-06-24,47.459843,129.124039,265.124725,180.378799,133.940002,106.894379
2019-06-25,46.740471,125.047287,262.524323,177.282303,134.199997,107.22538
2019-06-26,47.751427,125.515892,262.262512,178.10675,132.970001,106.539154
2019-06-27,47.737087,125.722046,263.192444,178.787354,132.839996,107.289917
2019-06-28,47.302113,125.543991,264.546875,179.017441,133.199997,107.217293
2019-07-01,48.16967,127.155945,266.948486,181.433304,130.619995,106.966499
2019-07-02,48.451679,127.99942,267.643829,182.152222,133.410004,107.791565
2019-07-03,48.853191,128.824127,269.783508,183.523102,133.630005,108.560051
2019-07-05,48.810177,128.449265,269.476624,183.149231,132.139999,107.120209
2019-07-08,47.804001,128.35553,267.99585,181.864639,131.289993,107.2658
2019-07-09,48.095581,127.886909,268.329865,182.77536,131.75,107.225349
2019-07-10,48.571175,129.189606,269.612061,184.596802,133.830002,106.63488
2019-07-11,48.217464,129.705048,270.24408,184.462524,132.699997,105.211258
2019-07-12,48.587906,130.173615,271.453888,185.526672,133.529999,105.332542
2019-07-15,49.044395,130.173615,271.544281,186.120987,133.529999,105.939255
2019-07-16,48.874706,128.467987,270.668457,185.162354,132.399994,105.623772
2019-07-17,48.599861,127.708862,268.826599,184.251678,134.580002,106.764282
2019-07-18,49.151932,127.84948,269.81076,184.462524,136.479996,106.772392
2019-07-19,48.418209,128.03688,268.311981,183.110855,134.470001,106.521667
2019-07-22,49.524776,129.73317,268.971039,184.568039,134.449997,106.723862
2019-07-23,49.911938,130.539154,270.894196,185.775909,133.690002,106.141457
2019-07-24,49.871315,131.879288,272.167145,187.079666,134.369995,106.602486
2019-07-25,49.476982,131.382584,270.867035,185.306168,133.419998,106.092934
2019-07-26,49.649052,132.460342,272.681854,187.213882,133.639999,106.343712
2019-07-29,50.11269,132.16983,272.185242,186.571579,134.529999,106.376038
2019-07-30,49.897602,131.532562,271.517181,185.766327,134.979996,106.63488
2019-07-31,50.91573,127.708862,268.546722,183.19722,133.210007,107.49231
2019-08-01,49.81395,129.386414,266.208191,182.286407,136.410004,109.627121
2019-08-02,48.759983,128.299271,264.203766,179.602234,135.889999,110.640221
2019-08-05,46.207508,123.903961,256.258331,173.255936,137.789993,112.552986
2019-08-06,47.082237,126.228142,259.851776,175.681335,138.910004,113.452606
2019-08-07,47.569778,126.781113,260.005371,176.630463,141.020004,113.493134
2019-08-08,48.618977,130.164246,265.10672,180.474625,141.729996,113.736336
2019-08-09,48.218334,129.05838,263.300842,178.777756,141.259995,113.509354
2019-08-12,48.095982,127.259064,260.095612,176.726334,142.630005,115.876015
2019-08-13,50.132774,129.892456,264.140625,180.599213,141.779999,115.478859
2019-08-14,48.640579,125.980858,256.330566,175.202057,142.75,118.080589
2019-08-15,48.39827,125.698769,257.00766,175.000748,143.699997,119.393555
2019-08-16,49.540211,128.002533,260.799896,177.809586,142.779999,118.437202
2019-08-19,50.46384,130.146362,263.941925,180.637543,141.110001,116.743271
2019-08-20,50.466248,129.065002,261.919434,179.237961,142.210007,117.950867
2019-08-21,51.013214,130.503693,264.050293,180.829285,141.759995,117.164703
2019-08-22,50.970039,129.554001,263.969055,180.244537,141.399994,116.386665
2019-08-23,48.614182,125.426094,257.188263,174.540604,144.169998,118.299385
2019-08-26,49.537815,127.363113,260.03241,177.17688,144.190002,117.821198
2019-08-27,48.978825,127.635796,259.012115,176.802979,145.570007,119.636719
2019-08-28,49.307503,127.46656,260.835938,177.435684,145.160004,119.790787
2019-08-29,50.142365,129.873672,264.167664,180.148682,144.119995,119.336807
2019-08-30,50.077599,129.629227,264.050293,179.717255,143.75,119.369301
2019-09-03,49.348293,127.917885,262.506195,177.972519,145.75,119.523529
2019-09-04,50.185558,129.412994,265.48587,180.541763,146.660004,119.702148
2019-09-05,51.166759,131.688446,268.898773,183.84906,143.139999,117.534294
2019-09-06,51.161961,130.795212,269.106476,183.666901,141.919998,118.37056
2019-09-09,51.38028,129.309525,269.241913,183.283417,141.389999,116.267715
2019-09-10,51.987236,127.955544,269.178711,182.75618,140.179993,114.229744
2019-09-11,53.640171,127.993103,271.092804,184.472137,141.029999,114.026794
2019-09-12,53.520206,129.309525,272.03183,185.239075,141.320007,113.279869
2019-09-13,52.479034,129.121429,271.851166,184.577606,140.149994,110.860268
2019-09-16,52.754917,128.190613,271.011505,183.753159,141.320007,112.272987
2019-09-17,52.946854,129.187256,271.697754,184.635132,141.600006,112.88192
2019-09-18,53.443451,130.249847,271.860229,184.558487,140.710007,113.361008
2019-09-19,53.00922,132.647552,271.842102,184.865173,141.279999,113.701988
2019-09-20,52.234329,131.114838,270.5578,182.909576,142.949997,115.204079
2019-09-23,52.471836,130.832825,270.494293,182.990265,143.75,115.179657
2019-09-24,52.222328,129.177902,268.371704,180.559967,144.509995,116.568069
2019-09-25,53.026012,131.039642,269.959137,182.586807,141.830002,114.863045
2019-09-26,52.752529,131.208939,269.396759,181.914383,141.789993,115.601936
2019-09-27,52.495838,129.506943,267.945435,179.657028,141.059998,115.88607
2019-09-30,53.731339,130.72934,269.188141,181.366867,138.869995,116.170227
2019-10-01,53.88007,128.886414,265.986176,179.887573,139.630005,116.519958
2019-10-02,52.529415,126.610863,261.287628,176.79451,141.259995,116.804649
2019-10-03,52.975632,128.143585,263.428314,178.734863,141.899994,117.870155
2019-10-04,54.460644,129.873672,266.993103,181.366867,141.899994,118.740456
2019-10-07,54.472633,128.933441,265.841064,180.819351,140.690002,117.756302
2019-10-08,53.834496,127.569962,261.713959,178.110519,141.919998,118.073517
2019-10-09,54.465446,129.986511,264.19931,179.849136,142.050003,117.406563
2019-10-10,55.199547,130.795212,265.986176,181.241943,140.809998,115.657837
2019-10-11,56.667759,131.340546,268.743683,183.576248,140.029999,114.226395
2019-10-14,56.586185,131.218323,268.444336,183.556976,140.589996,115.055916
2019-10-15,56.454239,133.117737,271.10202,185.89122,139.610001,113.665184
2019-10-16,56.226337,132.026962,270.666626,185.430099,140.410004,113.803383
2019-10-17,56.444649,131.34993,271.464905,185.920029,140.610001,113.526863
2019-10-18,56.71574,129.2061,270.276642,184.133316,140.460007,113.526863
2019-10-21,57.699348,130.165146,272.108826,185.766296,139.789993,112.672836
2019-10-22,57.567402,128.228149,271.219971,184.287033,140.199997,113.331665
2019-10-23,58.339893,129.046204,272.009033,184.642426,140.529999,113.445549
2019-10-24,58.435867,131.585007,272.453522,186.438721,141.529999,113.217819
2019-10-25,59.155571,132.327835,273.569214,187.927628,141.860001,112.664742
2019-10-28,59.748131,135.581314,275.111237,189.781586,140.639999,111.6399
2019-10-29,58.366291,134.302505,275.029602,188.311859,140.25,111.713089
2019-10-30,58.359081,135.976181,275.873108,189.224411,141.020004,113.347931
2019-10-31,59.678555,134.810272,275.138336,189.310867,142.429993,114.877098
2019-11-01,61.372272,135.139374,277.687225,191.030304,142.559998,114.523422
2019-11-04,61.775311,135.919785,278.802917,192.211884,142.149994,113.016106
2019-11-05,61.686558,135.835205,278.494507,192.31749,139.850006,111.745049
2019-11-06,61.712952,135.459061,278.558075,191.885223,140.449997,112.421333
2019-11-07,62.425201,135.647095,279.53772,192.528778,138.270004,110.384392
2019-11-08,62.596046,137.245621,280.227112,193.297241,137.389999,109.920021
2019-11-11,63.091724,137.386658,279.691864,193.037903,137.059998,109.993362
2019-11-12,63.033958,138.289337,280.281464,193.595032,137.429993,110.498444
2019-11-13,63.637936,138.51503,280.372192,193.643082,137.979996,111.215477
2019-11-14,63.197609,139.220245,280.780304,193.489365,138.559998,112.364334
2019-11-15,63.948372,141.016205,282.812164,194.911041,138.210007,112.24205
2019-11-18,64.270798,141.364105,283.020721,195.064758,138.619995,112.445786
2019-11-19,64.075874,141.411118,282.939178,195.352905,138.690002,113.382721
2019-11-20,63.329956,141.165802,281.886963,194.180984,138.759995,114.555984
2019-11-21,63.046017,141.033707,281.433472,193.748703,138.0,113.83905
2019-11-22,62.990654,141.137527,282.059357,193.873611,137.740005,113.985695
2019-11-25,64.095108,142.684845,284.24527,196.169357,137.080002,114.319763
2019-11-26,63.594624,143.439667,284.889374,196.543991,137.740005,114.987877
2019-11-27,64.448853,143.713242,286.15921,197.917679,137.009995,114.65377
2019-11-29,64.30687,142.826355,285.097992,197.014709,137.860001,114.409363
2019-12-02,63.563335,141.099777,282.676086,194.997467,137.789993,112.883957
2019-12-03,62.430004,140.873367,280.780304,193.470169,139.110001,115.250824
2019-12-04,62.981045,141.382843,282.512848,194.449936,138.919998,114.10006
2019-12-05,63.905025,141.458282,283.020721,194.834167,139.0,113.545006
2019-12-06,65.139435,143.175446,285.605957,196.918625,137.619995,112.916595
2019-12-09,64.227486,142.80748,284.707947,196.02533,137.580002,113.161438
2019-12-10,64.602844,142.590485,284.390503,195.862,137.970001,113.169579
2019-12-11,65.153862,143.128281,285.197876,196.899414,138.919998,114.059235
2019-12-12,65.319901,144.581253,287.655823,198.36908,138.429993,112.182053
2019-12-13,66.207817,145.798355,287.828278,199.022324,139.050003,113.479736
2019-12-16,67.341141,146.741928,289.805634,201.020309,139.039993,112.459518
2019-12-17,67.47348,145.949341,289.868988,201.13559,139.009995,112.304459
2019-12-18,67.312286,145.6474,289.887207,201.289307,139.020004,111.382233
2019-12-19,67.379654,146.911728,291.075439,202.547638,139.380005,111.560394
2019-12-20,67.240067,148.515671,292.351654,203.36412,139.520004,111.707542
2019-12-23,68.337357,148.515671,292.798248,203.90126,139.949997,111.544052
2019-12-24,68.40229,148.487381,292.807343,204.007187,141.270004,111.862862
2019-12-26,69.759438,149.704437,294.366119,205.807343,142.380005,112.132614
2019-12-27,69.732956,149.978073,294.293121,205.634094,142.330002,112.255272
2019-12-30,70.146835,148.685455,292.670685,204.286392,142.630005,111.846481
2019-12-31,70.659363,148.789261,293.381622,204.671417,142.899994,110.751091
2020-01-02,72.271545,151.54425,296.125305,208.088867,143.949997,112.001846
2020-01-03,71.568909,149.657303,293.882965,206.1828,145.860001,113.726685
2020-01-06,72.139198,150.044098,295.00412,207.511276,147.389999,113.080902
2020-01-07,71.799919,148.676056,294.174652,207.482391,147.970001,112.525009
2020-01-08,72.954918,151.04422,295.742493,209.04187,146.860001,111.781136
2020-01-09,74.504555,152.931198,297.747803,210.813187,146.029999,112.173515
2020-01-10,74.672966,152.223602,296.890961,210.274078,146.910004,113.170822
2020-01-13,76.268311,154.05397,298.932739,212.699997,145.820007,112.827499
2020-01-14,75.238441,152.968948,298.477051,211.862518,145.690002,113.407898
2020-01-15,74.916008,153.95961,299.151581,211.949112,146.539993,114.159981
2020-01-16,75.854446,156.780655,301.639984,213.980377,146.309998,113.800285
2020-01-17,76.694229,157.658142,302.578888,215.039276,146.580002,112.827499
2020-01-21,76.174477,157.09201,301.986328,214.943039,146.740005,114.012779
2020-01-22,76.446381,156.337234,302.022858,215.510956,146.789993,114.413383
2020-01-23,76.814529,157.299606,302.369293,216.204086,147.119995,115.214516
2020-01-24,76.593155,155.714523,299.680237,214.384689,147.979996,116.146431
2020-01-27,74.340897,153.110458,294.876526,209.956451,148.990005,117.952995
2020-01-28,76.443962,156.110809,297.966583,213.181335,147.660004,117.029274
2020-01-29,78.044128,158.545013,297.72049,213.527908,148.460007,118.173744
2020-01-30,77.931023,163.017151,298.686646,214.288391,148.470001,118.190155
2020-01-31,74.47567,160.611267,293.263092,210.890289,149.330002,119.26918
2020-02-03,74.271141,164.52681,295.44165,214.076614,148.360001,119.172539
2020-02-04,76.723091,169.942429,299.944611,218.976593,146.429993,117.567657
2020-02-05,77.348724,169.734863,303.408325,219.698563,146.610001,116.282089
2020-02-06,78.253464,173.25412,304.42926,221.595047,147.399994,116.806084
2020-02-07,77.189789,173.499435,302.806671,220.641998,147.789993,118.263657
2020-02-10,77.556412,178.037582,305.067322,223.308517,148.169998,118.591209
2020-02-11,77.08847,174.018326,305.595917,223.347046,147.660004,117.993408
2020-02-12,78.919182,174.273071,307.564911,225.522659,147.539993,117.395706
2020-02-13,78.357155,173.329605,307.236664,225.233871,148.380005,117.846039
2020-02-14,78.376472,174.876984,307.728943,225.87883,149.0,118.361916
2020-02-18,76.941345,176.650711,306.935944,225.965485,150.910004,119.172539
2020-02-19,78.055679,177.180527,308.403503,228.131439,151.789993,119.164314
2020-02-20,77.254929,174.474701,307.136353,226.013641,152.410004,120.097847
2020-02-21,75.506256,168.959137,303.973511,221.672043,154.699997,121.219658
2020-02-24,71.91967,161.674377,293.89209,213.123566,156.089996,123.029228
2020-02-25,69.483597,159.006424,284.986481,207.328369,153.300003,123.684288
2020-02-26,70.585854,160.993179,283.938263,208.396896,153.970001,123.029228
2020-02-27,65.971779,149.649796,271.186157,197.9617,154.0,124.363914
2020-02-28,65.933189,153.273209,270.046753,198.115692,148.380005,127.172562
2020-03-02,72.07164,163.471878,281.741516,208.339172,149.199997,126.236855
2020-03-03,69.782677,155.638382,273.674591,201.65831,153.889999,128.196686
2020-03-04,73.019516,161.352722,285.177917,210.07196,154.160004,126.835526
2020-03-05,70.650986,157.303513,275.698151,203.689529,157.490005,129.99263
2020-03-06,69.712746,152.856949,271.140594,200.252762,157.550003,136.757996
2020-03-09,64.198997,142.497437,249.965958,186.342361,157.809998,140.464478
2020-03-10,68.822723,152.242004,262.900452,196.488785,154.479996,133.264557
2020-03-11,66.43248,145.345169,250.084457,187.930756,153.929993,128.360733
2020-03-12,59.871952,131.560867,226.157074,170.699112,147.789993,129.156174
2020-03-13,67.045105,150.264709,245.490402,185.158295,143.279999,126.236855
2020-03-16,58.419956,128.117172,218.627945,162.978607,141.639999,134.412674
2020-03-17,60.988689,138.665894,230.432068,175.339096,143.559998,125.449585
2020-03-18,59.495682,132.828583,218.764633,170.005981,140.699997,118.372665
2020-03-19,59.039825,135.014038,219.229553,171.026443,138.039993,121.595467
2020-03-20,55.29166,129.943054,209.781998,164.326248,140.110001,130.7388
2020-03-23,54.117039,128.646957,204.418228,164.444962,146.300003,136.126526
2020-03-24,59.546337,140.340408,222.939255,177.179153,153.399994,133.59259
2020-03-25,59.218311,138.997009,226.276627,175.867157,151.300003,133.289108
2020-03-26,62.334576,147.691406,239.488907,185.128372,153.240005,133.945236
2020-03-27,59.753777,141.627075,232.355576,178.761276,152.25,137.520599
2020-03-30,61.45903,151.589203,239.901474,185.263443,152.919998,136.388962
2020-03-31,61.333599,149.205154,236.325638,183.681305,148.050003,135.281891
2020-04-01,58.106403,143.90712,225.689819,175.876785,149.449997,137.177338
2020-04-02,59.076,146.887253,230.897736,179.446213,151.899994,138.047668
2020-04-03,58.227005,145.534378,227.560303,176.899399,152.649994,138.376297
2020-04-06,63.306576,156.357391,242.84465,189.546783,156.880005,138.014938
2020-04-07,62.573349,154.673431,243.09227,189.469559,156.039993,136.56955
2020-04-08,64.174904,156.22496,251.252457,193.492477,154.649994,135.575882
2020-04-09,64.637962,156.234436,255.075775,193.772247,158.690002,135.822296
2020-04-13,65.90667,156.584503,252.747025,195.865662,161.410004,134.582169
2020-04-14,69.235176,164.332809,260.201202,204.384064,162.679993,134.549362
2020-04-15,68.603218,162.610992,254.672424,202.039795,161.850006,138.113449
2020-04-16,69.148331,167.492706,255.901062,205.725021,161.710007,139.682022
2020-04-17,68.210091,168.968582,262.81427,207.692993,158.570007,137.809631
2020-04-20,66.79425,165.619476,258.184082,205.232971,159.699997,138.918289
2020-04-21,64.729652,158.769943,250.344742,197.660004,158.610001,140.66748
2020-04-22,66.594055,164.162552,255.901062,203.525482,161.729996,139.230331
2020-04-23,66.335999,162.175797,255.882629,203.091339,163.339996,139.969421
2020-04-24,68.251091,165.136963,259.44928,206.294189,162.639999,140.297882
2020-04-27,68.299316,164.66394,263.190216,207.953506,161.559998,137.686462
2020-04-28,67.192253,160.652603,261.97998,204.036728,160.839996,139.271408
2020-04-29,69.399185,167.861664,268.838226,211.27211,161.729996,138.548721
2020-04-30,70.86322,169.545715,266.335114,211.185303,158.800003,136.930908
2020-05-01,69.722374,165.15593,259.284332,205.232971,159.779999,138.103455
2020-05-04,70.708885,169.195633,259.999451,207.625473,160.339996,137.453918
2020-05-05,71.770119,171.012085,262.401764,209.979385,161.020004,136.574005
2020-05-06,72.510582,172.696091,260.622955,211.27211,158.949997,134.3703
2020-05-07,73.260704,173.698975,263.767822,213.99263,161.389999,136.615097
2020-05-08,75.00444,174.720688,268.132141,216.925339,160.419998,134.839005
2020-05-11,76.184662,176.669617,268.187195,218.864395,159.419998,133.786438
2020-05-12,75.314018,172.667725,262.841827,214.281998,160.039993,135.159698
2020-05-13,74.404663,170.056534,258.193268,211.600082,161.580002,136.105331
2020-05-14,74.861755,170.794479,261.283051,214.002274,163.009995,137.437454
2020-05-15,74.419174,173.282654,262.484192,215.391434,163.929993,137.083862
2020-05-18,76.172569,174.938248,270.47937,219.404602,162.690002,134.07428
2020-05-19,75.732422,173.727341,267.701233,218.854736,164.259995,134.575867
2020-05-20,77.205261,176.137054,272.248962,223.224899,164.649994,134.978836
2020-05-21,76.629654,174.021439,270.369415,220.793793,162.25,135.315887
2020-05-22,77.123047,174.097336,270.882904,221.555969,163.210007,136.129974
2020-05-26,76.600639,172.256836,274.220154,220.957825,160.889999,134.304474
2020-05-27,76.934402,172.484528,278.300354,222.163712,161.179993,134.0578
2020-05-28,76.968254,172.095581,277.786957,221.874313,161.720001,133.564468
2020-05-29,76.893303,173.850677,279.02475,225.125381,162.910004,134.518311
2020-06-01,77.838921,173.452194,280.152466,225.800659,163.660004,133.612656
2020-06-02,78.199257,175.425461,282.472137,227.315292,162.600006,133.126877
2020-06-03,78.629745,175.852432,286.231415,228.337906,159.600006,131.356705
2020-06-04,77.952568,173.537628,285.479523,226.73645,161.279999,129.454666
2020-06-05,80.172722,177.598068,292.796295,231.231995,158.009995,128.532562
2020-06-08,80.646751,178.698547,296.335419,233.026398,159.720001,129.026642
2020-06-09,83.193413,180.064713,294.125732,234.71463,161.259995,130.492172
2020-06-10,85.333786,186.743561,292.484497,237.531601,163.570007,132.426895
2020-06-11,81.236877,176.715744,275.623047,225.76207,162.389999,134.929947
2020-06-12,81.938225,178.110367,278.923889,227.556442,162.619995,133.629074
2020-06-15,82.951591,179.24881,281.527771,230.32518,162.330002,133.703171
2020-06-16,85.149979,183.641357,286.946533,234.280502,162.25,131.65303
2020-06-17,85.031502,184.276901,285.754639,235.023392,162.559998,132.196442
2020-06-18,85.065346,186.250244,285.864685,235.660049,162.240005,133.596146
2020-06-19,84.579224,185.140305,284.230957,235.62146,164.029999,133.703171
2020-06-22,86.792137,190.282272,286.054352,238.447159,165.089996,133.719711
2020-06-23,88.644699,191.553543,287.371185,240.476578,166.479996,132.805801
2020-06-24,87.079941,187.692307,280.040771,235.519012,165.899994,134.230118
2020-06-25,88.235977,190.064072,283.042969,237.761017,165.800003,134.617096
2020-06-26,85.524864,186.259796,276.320312,232.146317,166.539993,136.057938
2020-06-29,87.495926,188.261551,280.3815,234.678268,166.630005,135.629822
2020-06-30,88.226288,193.071487,283.973053,239.278275,167.369995,134.971146
2020-07-01,88.059418,194.200409,285.96225,242.071167,166.619995,134.709
2020-07-02,88.059418,195.680435,287.537018,243.713989,166.979996,134.849182
2020-07-06,90.415031,199.89267,291.97583,249.705673,167.979996,134.296829
2020-07-07,90.134476,197.568344,288.964386,247.985428,169.039993,136.18454
2020-07-08,92.233711,201.913406,291.174622,251.251846,170.089996,135.640472
2020-07-09,92.630356,203.327042,289.517029,253.36824,169.630005,137.800186
2020-07-10,92.792389,202.710358,292.473145,255.098083,169.190002,137.107803
2020-07-13,92.364304,196.448837,289.940643,249.850601,169.399994,137.561157
2020-07-14,93.892799,197.663239,293.697968,251.61908,170.190002,137.758926
2020-07-15,94.538536,197.369095,296.396149,252.131241,170.339996,137.115982
2020-07-16,93.375229,193.460419,295.420105,250.411087,168.729996,137.767242
2020-07-17,93.186607,192.473785,296.276489,250.70105,170.119995,137.47876
2020-07-20,95.150406,200.746521,298.670898,257.813568,170.940002,137.816605
2020-07-21,93.837166,198.042725,299.306335,255.12709,173.0,137.899139
2020-07-22,94.100792,200.888855,301.009888,256.025818,175.630005,138.311279
2020-07-23,89.817657,192.15123,297.418396,249.338394,177.179993,139.926895
2020-07-24,89.595169,190.974838,295.50293,246.970734,178.699997,139.918655
2020-07-27,91.718575,193.394058,297.657837,251.377533,182.229996,139.399338
2020-07-28,90.211891,191.657928,295.77005,248.178696,183.75,140.3638
2020-07-29,91.941086,193.593292,299.407593,251.039169,185.130005,140.12471
2020-07-30,93.053596,193.441498,298.339355,252.3535,183.759995,141.047958
2020-07-31,102.795265,194.494537,300.696838,256.856934,185.429993,140.957321
2020-08-03,105.385429,205.433121,302.787384,260.326263,185.639999,140.247589
2020-08-04,106.089218,202.349838,303.956909,261.292633,189.589996,141.584518
2020-08-05,106.47377,202.017792,305.844757,261.940125,191.350006,140.346619
2020-08-06,110.18853,205.252884,307.889191,265.409485,193.889999,141.13063
2020-08-07,107.683342,201.58136,308.110199,262.346008,190.809998,140.189835
2020-08-10,109.248489,197.568344,309.031219,261.225006,190.149994,139.562698
2020-08-11,105.999451,192.948151,306.480255,256.277069,179.940002,137.903961
2020-08-12,109.522263,198.460159,310.753326,262.722839,179.100006,136.649597
2020-08-13,111.460533,197.995255,310.191498,263.322052,183.330002,135.188904
2020-08-14,111.361198,198.185013,310.200623,263.012848,182.539993,134.660767
2020-08-17,111.070465,199.494217,311.186035,266.066711,186.5,134.999176
2020-08-18,111.995979,200.642151,311.858398,268.627533,188.179993,135.964645
2020-08-19,112.136505,199.424866,310.559814,266.820465,182.240005,135.114685
2020-08-20,114.624779,204.06575,311.526733,270.521637,183.5,136.336029
2020-08-21,120.531662,202.582199,312.631927,272.396454,182.029999,137.153015
2020-08-24,121.973259,203.21936,315.799805,274.097321,181.0,136.930161
2020-08-25,120.97261,205.863144,316.904938,276.25235,181.220001,135.882111
2020-08-26,122.617729,210.313828,320.082153,282.147369,183.360001,135.362259
2020-08-27,121.151917,215.477783,320.782043,281.267853,181.240005,133.059906
2020-08-28,120.955658,217.693588,322.854095,282.698181,184.389999,132.960846
2020-08-31,125.057541,214.479233,321.684601,284.969208,184.830002,133.843765
2020-09-01,130.038879,216.133957,324.714325,289.839874,185.050003,135.374741
2020-09-02,127.344681,220.299316,329.411011,292.58432,182.619995,136.663498
2020-09-03,117.149368,206.652451,318.074524,277.750336,181.139999,137.051788
2020-09-04,117.226913,203.751999,315.477539,274.048981,181.639999,134.449417
2020-09-08,109.338127,192.729843,306.857819,260.877045,181.289993,135.275543
2020-09-09,113.699272,200.936951,312.91745,268.540558,183.050003,134.912033
2020-09-10,109.98745,195.307022,307.48407,263.186768,182.460007,135.597824
2020-09-11,108.543419,194.0327,307.640564,261.360352,182.449997,135.886902
2020-09-14,111.799759,195.345078,311.692566,265.911987,183.889999,135.878708
2020-09-15,111.974174,198.549988,313.267426,269.680908,183.449997,135.548157
2020-09-16,108.669441,195.002762,312.024231,265.380463,183.970001,135.143387
2020-09-17,106.934647,192.967606,309.279785,261.23465,182.960007,135.556503
2020-09-18,103.542686,190.57103,305.719177,257.900635,183.199997,135.135086
2020-09-21,106.682701,192.615692,302.31665,258.519104,179.520004,135.820801
2020-09-22,108.359283,197.256577,305.39563,263.322052,178.649994,135.713394
2020-09-23,103.814041,190.761261,298.31311,255.281708,174.789993,135.895187
2020-09-24,104.880104,193.233841,299.108276,256.470398,175.440002,136.41568
2020-09-25,108.814796,197.637024,303.943939,262.432922,174.940002,136.41568
2020-09-28,111.412079,199.177628,308.992188,267.883453,176.699997,136.027328
2020-09-29,110.568932,197.104446,307.309479,266.675385,178.190002,136.184387
2020-09-30,112.235847,200.024033,309.639557,268.501923,177.119995,134.879028
2020-10-01,113.1856,202.049652,311.627319,272.763702,178.699997,135.101532
2020-10-02,109.531952,196.086899,308.668701,265.090576,178.539993,134.597
2020-10-05,112.904572,200.071564,314.142242,270.743927,179.410004,131.967117
2020-10-06,109.667648,195.820572,309.676453,265.911987,177.300003,132.678329
2020-10-07,111.528381,199.548477,315.066895,270.512024,177.220001,131.710724
2020-10-08,111.421776,200.26178,317.859161,271.951965,177.850006,132.42189
2020-10-09,113.360046,205.235535,320.697693,276.107422,181.080002,132.397125
2020-10-12,120.560738,210.55162,325.856934,284.631042,180.559998,132.818924
2020-10-13,117.362572,211.940079,323.730286,284.621277,177.720001,133.769989
2020-10-14,117.449814,210.038071,321.696228,282.243896,178.270004,134.075943
2020-10-15,116.984619,208.896835,321.298676,280.349884,178.919998,133.844391
2020-10-16,115.346794,208.896835,321.104523,278.813324,178.300003,133.47229
2020-10-19,112.400627,203.723419,316.222687,274.261536,178.389999,132.967819
2020-10-20,113.883408,204.132339,317.489349,274.851105,179.25,131.702499
2020-10-21,113.263138,204.275009,316.888306,274.638489,180.600006,131.247604
2020-10-22,112.177719,204.360565,318.626556,274.628876,178.830002,129.88298
2020-10-23,111.489624,205.634872,319.708405,275.170013,178.639999,130.676941
2020-10-26,111.499306,199.786255,313.800201,271.043549,178.550003,131.892593
2020-10-27,113.00145,202.800949,312.718384,273.159821,179.020004,132.777588
2020-10-28,107.768143,192.748856,302.03006,262.510315,176.130005,132.901642
2020-10-29,111.760971,194.688889,305.099731,267.100677,175.399994,131.611465
2020-10-30,105.500343,192.549133,301.919098,260.326263,176.199997,130.313034
2020-11-02,105.413116,192.416016,305.30307,260.906097,177.910004,131.289154
2020-11-03,107.031593,196.31514,310.693512,265.419128,178.919998,130.527481
2020-11-04,111.40239,205.787125,317.637207,277.26712,178.820007,133.358871
2020-11-05,115.356468,212.348984,323.832062,284.495728,182.929993,133.590668
2020-11-06,115.225418,212.757919,323.758118,284.708252,183.190002,131.976288
2020-11-09,112.924599,207.689117,327.826355,278.890625,175.080002,129.202805
2020-11-10,112.584801,200.670685,327.34552,273.894348,175.660004,128.457733
2020-11-11,116.002052,205.939255,329.777283,280.02124,174.899994,128.921387
2020-11-12,115.730232,204.883621,326.578125,278.70697,175.960007,131.11528
2020-11-13,115.778793,205.901184,331.099487,281.151917,177.160004,130.941437
2020-11-16,116.788422,206.585922,335.232361,283.345703,177.149994,130.626801
2020-11-17,115.904984,203.95166,333.429413,282.44693,176.5,131.479538
2020-11-18,114.584679,201.262817,329.416718,280.359497,175.490005,131.860321
2020-11-19,115.176888,202.540482,330.803619,282.553314,175.160004,132.539322
2020-11-20,113.914818,200.604889,328.53833,280.620422,175.690002,133.71492
2020-11-23,110.526711,200.337891,330.50769,280.630096,172.229996,133.102234
2020-11-24,111.808167,203.913528,335.833374,284.572968,169.589996,131.777618
2020-11-25,112.643059,203.923019,335.315582,286.322083,169.509995,131.371948
2020-11-27,113.186714,205.219788,336.249512,288.960419,167.789993,132.646912
2020-11-30,115.574905,204.113754,334.760864,289.549957,166.669998,132.481354
2020-12-01,119.137794,206.154251,338.422272,293.260773,170.179993,130.527939
2020-12-02,119.487289,205.353302,339.134247,293.637726,171.460007,129.492096
2020-12-03,119.351364,204.275833,339.041748,294.053284,172.809998,130.536255
2020-12-04,118.681519,204.390289,341.963531,295.251587,172.320007,128.621826
2020-12-07,120.137703,204.323517,341.260803,296.923401,174.889999,129.782074
2020-12-08,120.749336,205.963531,342.25943,297.928558,175.5,130.395401
2020-12-09,118.225227,201.949326,339.189667,291.183105,172.5,129.964462
2020-12-10,119.642632,200.728867,339.078827,292.352356,172.169998,131.116379
2020-12-11,118.836845,203.3414,338.681152,291.704926,172.490005,131.580536
2020-12-14,118.225227,204.237701,337.164886,293.821381,171.539993,131.215851
2020-12-15,124.147156,204.170929,341.723114,296.962158,173.940002,130.776642
2020-12-16,124.079201,209.081436,342.25943,298.595337,174.899994,130.428482
2020-12-17,124.943214,209.214935,344.173279,300.547424,176.740005,130.083359
2020-12-18,122.962791,208.423492,342.799042,299.639008,176.440002,129.693481
2020-12-21,124.486938,212.237473,341.573334,299.078491,175.880005,130.207794
2020-12-22,128.030426,213.524704,340.997681,299.891632,174.490005,130.879822
2020-12-23,127.137291,210.740509,341.304108,298.381378,175.649994,129.975601
2020-12-24,128.117752,212.390045,342.631989,299.69809,176.350006,130.489899
2020-12-28,132.699982,214.497269,345.575409,302.718628,175.710007,130.547989
2020-12-29,130.933121,213.72496,344.916199,302.989777,176.350006,130.382019
2020-12-30,129.816666,211.369858,345.408264,302.999481,177.699997,130.664108
2020-12-31,128.816757,212.075409,347.163239,303.744904,178.360001,130.854874
2021-01-04,125.632507,207.565414,342.43689,299.456024,182.330002,130.697311
2021-01-05,127.18576,207.765656,344.79541,301.924713,182.869995,129.726654
2021-01-06,122.90451,202.378403,346.856781,297.742401,179.899994,127.063599
2021-01-07,127.098404,208.137482,352.010193,304.945435,179.479996,125.943634
2021-01-08,128.195419,209.405579,354.015869,308.866364,173.339996,125.537079
2021-01-11,125.21505,207.37471,351.629547,304.403229,173.0,125.329742
2021-01-12,125.040298,204.933746,351.703827,303.919189,174.119995,125.230194
2021-01-13,127.069298,206.278198,352.650848,305.971619,173.369995,126.640488
2021-01-14,125.14711,203.11261,351.415894,304.33551,173.279999,125.454163
2021-01-15,123.428757,202.75975,348.853149,301.924713,171.130005,125.951859
2021-01-19,124.098618,206.37352,351.592346,306.329834,172.580002,126.358429
2021-01-20,128.175995,213.906052,356.457977,313.455383,175.389999,126.482864
2021-01-21,132.87471,214.506805,356.782928,315.962799,175.279999,125.5952
2021-01-22,135.010498,215.441208,355.520142,315.052765,173.899994,126.001701
2021-01-25,138.748108,218.854706,356.922211,317.657074,174.050003,127.48674
2021-01-26,138.981125,221.524506,356.365173,318.121704,173.619995,127.246094
2021-01-27,137.913239,222.067978,347.655426,309.253632,172.520004,127.569679
2021-01-28,133.088303,227.817535,350.645264,311.083344,172.679993,126.864494
2021-01-29,128.108078,221.171707,343.625519,304.538757,172.610001,126.101288
2021-02-01,130.224396,228.504044,349.345337,312.148407,174.229996,126.247459
2021-02-02,131.049591,228.370544,354.285095,317.240845,172.110001,125.433456
2021-02-03,130.030273,231.698227,354.563721,315.982208,171.850006,124.320534
2021-02-04,133.379547,230.754272,358.593567,319.719238,168.149994,123.988197
2021-02-05,132.96637,230.935425,360.004974,320.803558,169.809998,122.950012
2021-02-08,133.112213,231.192886,362.604828,322.952881,171.520004,123.489922
2021-02-09,132.237198,232.432404,362.363434,322.885132,172.080002,123.581345
2021-02-10,131.634323,231.526611,362.205536,322.149261,172.710007,124.403503
2021-02-11,131.381577,233.118942,362.790466,323.920898,171.210007,123.722504
2021-02-12,131.614899,233.595718,364.582642,325.731506,170.690002,122.185936
2021-02-16,129.495377,232.365646,364.266937,324.850342,168.240005,120.325447
2021-02-17,127.210571,233.378693,364.350586,323.291656,166.330002,121.089554
2021-02-18,126.111938,232.986847,362.799866,321.878204,166.320007,120.599525
2021-02-19,126.267441,230.291824,362.159119,320.474396,167.009995,118.996529
2021-02-22,122.504829,224.118103,359.373535,312.167816,169.509995,118.091179
2021-02-23,122.368698,222.93306,359.809967,311.238281,169.119995,117.750626
2021-02-24,121.872856,224.156311,363.774719,313.803864,169.0,116.97821
2021-02-25,117.633789,218.842697,355.009369,302.863831,165.820007,115.067886
2021-02-26,117.896317,222.082489,353.180176,304.132111,161.809998,118.871918
2021-03-01,124.245163,226.440414,361.741302,313.281097,161.529999,117.301941
2021-03-02,121.649261,223.506454,358.918549,308.25647,162.410004,117.310211
2021-03-03,118.67411,217.476028,354.164368,299.310852,160.619995,116.037926
2021-03-04,116.797653,216.682892,349.781738,294.411987,159.039993,115.289459
2021-03-05,118.05188,221.337036,356.216522,298.8461,159.139999,115.514008
2021-03-08,113.13224,217.313629,354.442932,290.384583,157.490005,114.615883
2021-03-09,117.731018,223.42041,359.50354,301.837677,160.839996,116.204208
2021-03-10,116.651825,222.120712,361.741302,300.975983,161.660004,116.437119
2021-03-11,118.576881,226.621964,365.409088,307.907959,161.520004,115.597176
2021-03-12,117.672691,225.303146,365.901184,305.410126,161.490005,113.144051
2021-03-15,120.550575,224.404755,368.083252,308.672729,162.199997,113.809334
2021-03-16,122.086769,227.176315,367.618958,310.367004,162.350006,113.351929
2021-03-17,121.29921,226.53598,368.872437,311.644867,163.509995,112.503708
2021-03-18,117.186546,220.496063,363.505554,302.09906,162.559998,111.364487
2021-03-19,116.661552,220.14241,362.832947,303.164001,163.240005,112.054688
2021-03-22,119.967209,225.532486,365.730164,308.849335,163.0,113.310349
2021-03-23,119.140808,227.052063,362.851593,307.501923,161.809998,114.333214
2021-03-24,116.758751,225.026001,361.007019,302.315857,162.369995,114.948547
2021-03-25,117.244896,222.04425,363.037903,301.792358,161.779999,114.042152
2021-03-26,117.847687,226.000763,368.888214,306.319305,162.240005,113.642982
2021-03-29,118.022697,224.815781,368.701874,306.232086,160.309998,112.678352
2021-03-30,116.574028,221.575974,367.723724,304.690796,157.570007,113.268799
2021-03-31,118.76162,225.322296,369.214325,309.353363,159.960007,112.636795
2021-04-01,119.588051,231.610672,373.201416,314.62674,161.979996,114.506203
2021-04-05,122.4076,238.032898,378.558044,320.908264,161.919998,114.006584
2021-04-06,122.708992,236.876526,378.334473,320.685242,163.220001,114.781036
2021-04-07,124.352119,238.826126,378.772339,321.460754,162.759995,113.981598
2021-04-08,126.743889,242.027649,380.570282,324.814819,164.509995,114.922562
2021-04-09,129.310654,244.512466,383.337158,326.782562,163.270004,114.506203
2021-04-12,127.599457,244.569763,383.476807,326.35611,162.279999,114.456268
2021-04-13,130.700943,247.035461,384.613403,330.16571,163.429993,115.313957
2021-04-14,128.367569,244.263931,383.299866,326.200989,162.720001,114.947548
2021-04-15,130.769028,248.000717,387.417358,331.144714,165.350006,116.87114
2021-04-16,130.438492,249.18576,388.71225,331.532501,166.350006,115.963455
2021-04-19,131.099594,247.274384,386.802582,328.498383,165.889999,115.630417
2021-04-20,129.417603,246.815643,383.970551,326.104004,166.479996,116.163307
2021-04-21,129.796783,249.032791,387.60379,328.895813,168.130005,116.3965
2021-04-22,128.280029,245.773956,384.06369,324.931122,167.039993,116.904457
2021-04-23,130.59404,249.577576,388.227905,329.02182,166.399994,116.629593
2021-04-26,130.982941,249.959824,389.038391,331.164154,166.839996,116.463089
2021-04-27,130.662079,250.361221,388.95459,329.729492,166.419998,115.447144
2021-04-28,129.874557,243.279617,388.842682,328.614655,166.910004,115.522118
2021-04-29,129.777328,241.32045,391.320679,329.797394,166.220001,115.180725
2021-04-30,127.813385,241.005035,388.749603,327.63559,165.660004,115.447144
2021-05-03,128.863403,240.699219,389.588013,325.890808,167.809998,115.516426
2021-05-04,124.303505,236.809616,387.18454,320.026154,166.580002,116.300301
2021-05-05,124.546562,235.548126,387.305664,318.950043,167.270004,116.492081
2021-05-06,126.14109,238.663589,390.39856,321.354187,170.059998,116.683922
2021-05-07,126.813103,241.272659,393.239838,323.961792,171.589996,116.108498
2021-05-10,123.540726,236.226608,389.345734,315.780365,172.110001,114.932678
2021-05-11,122.625259,235.318756,385.870972,315.344147,172.139999,114.282211
2021-05-12,119.567154,228.409119,377.673065,307.182068,170.429993,113.081367
2021-05-13,121.709793,232.260544,382.209869,309.556946,171.130005,113.256424
2021-05-14,124.125069,237.153702,388.078796,316.391022,172.690002,114.315475
2021-05-17,122.975861,234.315277,387.091278,314.47168,174.699997,114.073723
2021-05-18,121.592911,232.308365,383.756348,312.348755,175.039993,113.781853
2021-05-19,121.437088,232.883057,382.750153,312.707397,175.160004,113.506638
2021-05-20,123.988724,236.101578,386.867798,318.756256,175.960007,114.440628
2021-05-21,122.157776,234.846741,386.551086,316.992035,176.039993,114.807533
2021-05-24,123.784195,240.22052,390.491699,322.323456,176.350006,115.232864
2021-05-25,123.589439,241.120911,389.625275,322.769379,177.949997,116.300301
2021-05-26,123.540726,240.900665,390.39856,323.893951,177.639999,116.100143
2021-05-27,122.011696,238.812408,390.603424,322.682159,177.710007,115.633186
2021-05-28,121.359161,239.16684,391.302155,323.699982,178.380005,115.449684
2021-06-01,121.037781,236.98288,390.957428,322.624054,177.899994,115.42382
2021-06-02,121.797424,236.887039,391.572266,323.254089,178.770004,115.691063
2021-06-03,120.317101,235.364029,390.119049,319.890381,175.270004,115.256752
2021-06-04,122.605766,240.230118,393.687012,325.318848,177.160004,116.835167
2021-06-07,122.615524,243.122925,393.305054,326.288208,177.869995,116.476089
2021-06-08,123.433586,241.93515,393.388824,326.443359,177.320007,117.294502
2021-06-09,123.813416,242.912201,392.802032,326.520844,176.979996,118.330017
2021-06-10,122.820045,246.408524,394.627808,329.923279,177.740005,119.039948
2021-06-11,124.027679,247.031174,395.279999,330.786041,175.740005,118.847847
2021-06-14,127.076012,248.946945,396.164948,333.955841,174.710007,117.937538
2021-06-15,126.257942,247.481369,395.438416,331.77475,174.050003,117.795555
2021-06-16,126.754631,246.542618,393.230499,330.563141,171.110001,117.695366
2021-06-17,128.351852,249.914429,393.100128,334.760406,165.850006,119.457489
2021-06-18,127.056549,248.506256,387.796906,332.133545,164.929993,121.703979
2021-06-21,128.848511,251.571609,393.348633,334.197693,166.949997,119.666252
2021-06-22,130.484711,254.330231,395.451599,337.312958,166.25,119.958603
2021-06-23,130.212021,254.100433,394.974976,337.477905,166.139999,119.649597
2021-06-24,129.929626,255.460678,397.311523,339.564514,166.039993,119.841644
2021-06-25,129.637405,253.860916,398.722778,339.147247,166.589996,118.597305
2021-06-28,131.26384,257.405182,399.526581,343.271698,166.580002,119.816574
2021-06-29,132.773422,259.972229,399.741577,344.514008,164.830002,120.017044
2021-06-30,133.386978,259.493347,400.078064,343.970551,165.630005,120.551559
2021-07-01,133.688889,260.163879,402.293152,344.106384,166.199997,120.558205
2021-07-02,136.308746,265.959167,405.368103,348.056274,167.289993,121.285759
2021-07-06,138.314987,265.968719,404.6297,349.560577,168.119995,122.707321
2021-07-07,140.798492,268.143097,406.059692,350.298096,168.759995,123.794403
2021-07-08,139.503159,265.738831,402.751068,348.182465,168.649994,124.279388
2021-07-09,141.324356,266.236877,407.050385,350.356354,169.210007,122.531754
2021-07-12,140.730301,265.643066,408.508423,351.724731,169.0,122.372826
2021-07-13,141.840546,269.148926,407.115753,351.724731,169.220001,121.436226
2021-07-14,145.258942,270.614532,407.723328,352.35556,171.039993,122.816025
2021-07-15,144.606461,269.196838,406.330688,349.880798,171.070007,124.170723
2021-07-16,142.570984,268.92865,403.143585,347.046967,169.410004,123.936577
2021-07-19,138.733795,265.346039,397.190063,344.203461,169.610001,126.654312
2021-07-20,142.337219,267.558838,402.882019,348.201874,169.389999,125.433365
2021-07-21,141.606812,269.551208,406.143738,350.890106,168.759995,123.844528
2021-07-22,142.970276,274.091675,406.994293,353.209686,169.089996,125.015236
2021-07-23,144.684341,277.472961,411.181427,357.334167,168.559998,124.179077
2021-07-26,145.103119,276.879059,412.190796,357.615601,168.160004,123.811081
2021-07-27,142.941071,274.474823,410.312225,353.675415,168.440002,125.132355
2021-07-28,141.197739,274.168274,410.143982,355.034149,169.289993,125.140701
2021-07-29,141.840546,274.436493,411.845062,355.664917,171.169998,124.446594
2021-07-30,142.05481,272.913422,409.84494,353.811279,169.820007,125.032059
2021-08-02,141.723618,272.827148,408.985077,353.840332,169.610001,126.147232
2021-08-03,143.515656,275.030334,412.312317,355.98526,169.490005,126.214165
2021-08-04,143.116348,274.446106,410.28421,356.499542,169.529999,126.473732
2021-08-05,143.22348,277.329224,412.882477,358.760773,168.860001,125.829048
2021-08-06,142.540726,277.271881,413.564758,357.188507,164.639999,123.727585
2021-08-09,142.491974,276.189423,413.228333,357.848541,161.720001,123.283836
2021-08-10,142.014084,274.379028,413.74231,356.014282,161.770004,122.714516
2021-08-11,142.267639,274.867554,414.770416,355.402924,164.0,122.639168
2021-08-12,145.222992,277.607086,416.013458,356.683929,164.039993,122.438248
2021-08-13,145.427795,280.519073,416.770508,357.935822,166.389999,124.372192
2021-08-16,147.398102,282.195404,417.751923,358.091156,167.220001,124.67366
2021-08-17,146.490997,280.73941,415.013458,354.937042,166.970001,124.623436
2021-08-18,142.755341,279.021545,410.47113,351.520874,167.100006,125.042076
2021-08-19,143.086914,284.818268,411.106659,353.219208,166.610001,125.962997
2021-08-20,144.540253,292.102539,414.377838,356.878021,166.699997,126.046738
2021-08-23,146.022812,292.380859,418.02298,362.215729,168.729996,125.962997
2021-08-24,145.935013,290.432739,418.686554,363.322083,168.649994,124.983452
2021-08-25,144.70607,289.84726,419.565094,363.739441,167.479996,123.945251
2021-08-26,143.90625,287.0448,417.088287,361.429626,167.669998,124.288483
2021-08-27,144.940125,287.649414,420.817505,364.94281,170.190002,125.134148
2021-08-30,149.348801,291.363586,422.66806,369.038208,169.350006,125.460617
2021-08-31,148.090607,289.722443,422.04187,368.737427,169.690002,124.60672
2021-09-01,148.753845,289.674469,422.266205,369.348816,169.699997,124.815475
2021-09-02,149.865738,289.02182,423.565277,369.174103,169.25,125.360367
2021-09-03,150.499771,289.012299,423.462494,370.30957,171.059998,124.220253
2021-09-07,152.830917,288.090912,421.948364,370.833649,167.710007,123.172333
2021-09-08,151.289795,288.11969,421.434387,369.542908,167.289993,124.010674
2021-09-09,150.275436,285.27887,419.630554,368.271576,168.029999,125.511223
2021-09-10,145.301025,283.800995,416.32196,365.476501,167.179993,124.404579
2021-09-13,145.866745,285.029388,417.38739,365.224243,167.740005,125.159096
2021-09-14,144.471954,287.716614,415.134918,364.185822,168.820007,126.676437
2021-09-15,145.359543,292.544098,418.602386,366.893494,167.830002,126.23214
2021-09-16,145.125473,292.927917,417.938843,367.145782,164.029999,125.65377
2021-09-17,142.462738,287.793457,413.867645,362.798004,163.770004,125.050125
2021-09-20,139.41954,282.447754,406.966827,355.301361,164.940002,126.600975
2021-09-21,139.897491,282.927582,406.582367,355.738586,166.039993,126.492004
2021-09-22,142.257874,286.555328,410.548431,359.06134,165.419998,127.246521
2021-09-23,143.213715,287.495911,415.536652,362.374481,163.509995,124.371078
2021-09-24,143.301514,287.294403,416.22113,362.714417,163.300003,123.155594
2021-09-27,141.789688,282.323059,415.030365,359.819275,163.639999,122.702866
2021-09-28,138.414902,272.101898,406.666718,349.637177,162.050003,120.79155
2021-09-29,139.312271,272.562561,407.351166,349.064026,161.320007,121.001129
2021-09-30,138.01503,270.566284,402.372375,347.781464,164.220001,120.984367
2021-10-01,139.136703,277.457031,407.154297,349.938354,164.589996,122.002579
2021-10-04,135.713165,271.708344,401.903595,342.593323,165.360001,121.691917
2021-10-05,137.634613,277.13089,406.085297,347.217957,164.589996,120.516808
2021-10-06,138.50267,281.305634,407.773102,349.442871,165.029999,121.196686
2021-10-07,139.760895,282.975555,411.298615,352.649109,164.160004,119.929283
2021-10-08,139.380539,282.975555,410.548431,350.890533,164.229996,119.089905
2021-10-11,139.292755,282.380554,407.576202,348.199371,163.919998,118.787766
2021-10-12,138.02475,281.0849,406.572968,346.984833,164.660004,120.819008
2021-10-13,137.439545,284.37677,408.035645,349.76358,167.589996,121.99411
2021-10-14,140.21933,290.557434,414.899048,356.204956,168.0,122.44738
2021-10-15,141.272781,291.958649,418.058716,358.44931,165.330002,121.73391
2021-10-18,142.940643,294.914581,419.296509,362.053802,164.919998,122.304688
2021-10-19,145.096237,295.816772,422.531342,364.79364,165.449997,120.617554
2021-10-20,145.583923,295.029785,424.190979,364.317505,166.899994,119.803391
2021-10-21,145.798462,298.244904,425.297363,366.542419,166.75,119.66066
2021-10-22,145.027954,296.709351,424.856567,363.462585,167.770004,120.978516
2021-10-25,144.979156,295.720795,427.13504,367.183746,168.929993,120.793823
2021-10-26,145.64241,297.621002,427.519531,368.339844,167.679993,121.792694
2021-10-27,145.18399,310.15506,425.625488,369.194855,168.119995,124.008636
2021-10-28,148.812393,311.287567,429.73233,373.2948,168.080002,123.588936
2021-10-29,146.11058,318.26474,430.604218,375.131042,166.649994,123.966682
2021-11-01,145.29129,316.105377,431.345001,376.413483,167.520004,123.074081
2021-11-02,146.32518,319.713959,433.088898,377.987396,167.160004,123.620361
2021-11-03,147.758987,320.54895,435.733093,382.000031,165.770004,122.342918
2021-11-04,147.24205,322.890625,437.786438,386.896729,167.649994,123.628746
2021-11-05,147.769485,322.52597,439.305481,387.26593,169.839996,125.47773
2021-11-08,146.94899,323.418518,439.680511,386.741272,170.449997,125.242432
2021-11-09,147.310379,322.420441,438.227234,384.079132,171.289993,126.872864
2021-11-10,144.487457,317.477753,434.701782,378.434418,173.149994,124.553215
2021-11-11,144.438614,319.042114,434.842346,379.483704,174.119995,124.368378
2021-11-12,146.50943,323.159302,438.123962,383.476868,174.449997,123.822098
2021-11-15,146.519196,322.535583,438.274078,383.389374,174.179993,122.267265
2021-11-16,147.495972,325.836945,440.008698,386.119507,172.919998,121.956314
2021-11-17,149.928207,326.058136,438.93985,386.323456,174.5,122.922829
2021-11-18,154.206604,328.125305,440.430603,390.326385,173.940002,123.385048
2021-11-19,156.824402,329.89444,439.643036,392.502625,172.610001,124.687759
2021-11-22,157.283463,326.740784,438.405396,387.945984,168.740005,123.225372
2021-11-23,157.664444,324.673615,438.986694,386.177795,167.279999,121.443573
2021-11-24,158.182175,324.894836,440.158691,387.421356,167.119995,123.393463
2021-11-26,153.171158,316.981812,430.341736,380.076355,166.850006,126.511513
2021-11-29,156.521591,323.664062,435.620544,388.324921,166.619995,125.494606
2021-11-30,161.464188,317.856659,427.14447,382.621857,165.5,127.402344
2021-12-01,160.946457,317.366425,422.400085,376.112366,166.160004,128.188293
2021-12-02,159.959915,316.799011,428.86972,378.822968,165.240005,128.348114
2021-12-03,158.084457,310.568634,425.137878,372.235779,166.630005,129.879669
2021-12-06,161.483734,313.62616,430.172943,375.218475,166.220001,128.095718
2021-12-07,167.207657,322.02002,439.071014,386.517792,166.809998,127.06073
2021-12-08,171.017197,322.067993,440.233673,388.247131,166.899994,124.864532
2021-12-09,170.509293,320.269989,437.261353,382.534393,165.880005,125.562866
2021-12-10,175.285782,329.346405,441.377533,386.692688,166.580002,125.260056
2021-12-13,171.66188,326.327362,437.467682,381.106171,167.0,127.111206
2021-12-14,170.284607,315.69339,434.457916,377.161621,165.440002,126.808311
2021-12-15,175.139252,321.760254,441.246368,385.759979,166.149994,125.588135
2021-12-16,168.26265,312.385925,437.355164,375.840302,168.160004,125.637062
2021-12-17,167.168625,311.328156,432.700531,373.96524,167.800003,127.060745
2021-12-20,165.810898,307.588074,428.099304,370.337555,167.089996,126.10878
2021-12-21,168.975693,314.683838,435.701965,378.625946,167.020004,125.628616
2021-12-22,171.564194,320.366211,440.058472,383.237,168.589996,126.2099
2021-12-23,172.189377,321.798889,442.796631,386.126312,168.970001,125.114731
2021-12-27,176.14537,329.259888,449.06308,392.507904,169.369995,125.417976
2021-12-28,175.129517,328.10614,448.696045,390.68869,168.639999,124.92099
2021-12-29,175.217453,328.779175,449.269989,390.630371,168.589996,123.556313
2021-12-30,174.064819,326.250397,448.028046,389.462952,169.800003,124.592407
2021-12-31,173.449432,323.365997,446.898895,387.030914,170.960007,124.836746
2022-01-03,177.786407,321.856476,449.48645,390.756805,168.330002,121.559776
2022-01-04,175.529999,316.337616,449.335907,385.688538,169.570007,121.054321
2022-01-05,170.860916,304.19397,440.707642,373.839752,169.059998,120.397255
2022-01-06,168.008682,301.790344,440.293732,373.577057,166.990005,120.7089
2022-01-07,168.174728,301.944122,438.552979,369.530121,167.75,119.841255
2022-01-10,168.194305,302.165314,438.007202,369.773346,168.259995,120.136055
2022-01-11,171.017197,302.847961,441.996765,375.328125,170.289993,120.936356
2022-01-12,171.456772,306.011261,443.191711,376.816406,170.740005,120.47303
2022-01-13,168.194305,293.060089,437.085144,367.389954,170.160004,121.5429
2022-01-14,169.053833,298.252045,437.263977,369.676117,169.669998,119.706482
2022-01-18,165.859726,290.992889,429.520111,360.473236,169.389999,118.021637
2022-01-19,162.372589,291.646637,425.060181,356.514038,172.080002,118.838806
2022-01-20,160.692474,289.983368,420.355652,351.883453,171.649994,119.571632
2022-01-21,158.64122,284.627777,412.10379,342.12619,171.089996,120.995377
2022-01-24,157.869553,284.954773,413.853821,343.692352,172.029999,120.001297
2022-01-25,156.07222,277.378235,408.801147,335.725159,172.580002,119.807564
2022-01-26,155.98436,285.281616,407.775543,335.199738,169.789993,118.358635
2022-01-27,155.525269,288.291107,405.761932,331.824127,167.600006,120.532021
2022-01-28,166.377441,296.38681,415.839233,342.233215,167.100006,120.574165
2022-01-31,170.724167,299.002045,423.328949,353.177216,168.089996,119.950752
2022-02-01,170.558121,296.867584,426.189301,355.5802,168.229996,119.552574
2022-02-02,171.759598,301.386444,430.329315,358.46936,168.839996,119.957489
2022-02-03,168.887802,289.646759,420.214447,343.935608,168.600006,119.021118
2022-02-04,168.604202,294.156128,422.190369,348.274384,168.860001,117.266434
2022-02-07,167.890213,289.358337,420.83548,345.472687,170.110001,117.342422
2022-02-08,170.99057,292.829285,424.298004,349.354156,170.630005,116.557869
2022-02-09,172.408752,299.223206,430.508148,356.757172,171.210007,116.777145
2022-02-10,168.340118,290.733246,422.773773,348.682922,170.559998,114.92131
2022-02-11,164.936523,283.675995,414.437164,337.622131,173.809998,116.625404
2022-02-14,165.171265,283.637512,413.082306,338.040375,174.740005,115.174377
2022-02-15,168.995361,288.89679,419.743988,346.445465,173.080002,113.866852
2022-02-16,168.760666,288.559631,420.214447,346.357941,174.860001,114.54171
2022-02-17,165.171265,280.109955,411.238098,336.055939,177.25,115.393715
2022-02-18,163.625961,277.412292,408.575256,332.223053,177.119995,116.608437
2022-02-22,160.711426,277.209839,404.190643,328.886383,177.490005,116.912193
2022-02-23,156.554733,270.032104,397.020752,320.461853,178.289993,115.300911
2022-02-24,159.166077,283.828979,402.995636,331.230774,177.139999,115.376831
2022-02-25,161.229752,286.449615,411.88736,336.367188,176.550003,115.461197
2022-02-28,161.493835,287.875549,410.833466,337.369141,178.380005,117.991974
2022-03-01,159.616013,284.175873,404.576416,332.203552,181.619995,119.356171
2022-03-02,162.902206,289.224426,412.019043,337.777802,179.729996,115.27626
2022-03-03,162.579453,285.110382,409.967834,332.952576,180.800003,116.450378
2022-03-04,159.586624,279.271759,406.637085,328.127533,183.679993,118.460716
2022-03-07,155.801636,268.721741,394.649689,316.025787,186.410004,117.556961
2022-03-08,153.982513,265.773499,391.657562,314.556915,191.509995,116.37439
2022-03-09,159.37149,277.961456,402.158295,325.880371,185.820007,115.234001
2022-03-10,155.038773,275.157745,400.342255,322.261475,186.399994,113.578384
2022-03-11,151.33197,269.839355,395.251831,315.578339,185.089996,113.958519
2022-03-14,147.312241,266.34198,392.363251,309.517761,182.300003,111.297699
2022-03-15,151.684097,276.660797,400.991455,319.226379,178.889999,111.103424
2022-03-16,156.085251,283.636353,409.883118,331.065399,180.009995,112.193115
2022-03-17,157.092636,284.436005,415.011169,335.073303,180.889999,111.356842
2022-03-18,160.378799,289.455658,419.556732,341.931641,179.300003,112.716812
2022-03-21,161.748138,288.232025,419.434052,340.980988,180.669998,110.106682
2022-03-22,165.112549,292.953064,424.342041,347.68219,179.360001,108.69603
2022-03-23,166.472046,288.549927,418.877167,342.685516,181.809998,111.07811
2022-03-24,170.247269,292.991547,425.191467,350.302307,183.130005,110.208031
2022-03-25,170.88295,292.586975,427.267883,350.010101,182.380005,108.679146
2022-03-28,171.743683,299.350494,430.307159,355.425537,179.059998,109.608307
2022-03-29,175.029892,303.888519,435.630341,361.542297,179.139999,110.436104
2022-03-30,173.866043,302.39502,432.94043,357.548889,180.580002,111.297699
2022-03-31,170.775421,297.047821,426.276917,353.117218,180.649994,111.568016
2022-04-01,170.481995,298.11731,427.484955,352.445129,179.5,111.992722
2022-04-04,174.521301,303.464478,431.147125,359.701447,180.369995,111.214386
2022-04-05,171.215546,299.523987,425.70108,351.7146,179.240005,108.701782
2022-04-06,168.056442,288.559631,421.444397,344.078369,179.660004,107.821953
2022-04-07,168.359665,290.361328,423.567993,344.896576,180.339996,107.009804
2022-04-08,166.354675,286.12207,422.435455,340.075195,181.470001,105.850822
2022-04-11,162.109985,274.839844,415.215057,332.029877,182.369995,104.175743
2022-04-12,163.978043,271.756683,413.676575,330.62735,183.770004,104.031906
2022-04-13,166.657867,277.113556,418.414673,337.347992,184.649994,104.243416
2022-04-14,161.660034,269.608063,413.204681,329.63382,184.039993,102.153809
2022-04-18,161.444946,270.272949,413.374573,329.886993,184.610001,101.646187
2022-04-19,163.723755,274.878326,420.047516,337.260315,181.820007,100.884796
2022-04-20,163.557465,275.899567,419.735962,332.341553,182.710007,102.915199
2022-04-21,162.765305,270.552368,413.459473,325.465088,182.059998,102.153809
2022-04-22,158.236923,264.019989,402.114502,316.942505,180.289993,101.510826
2022-04-25,159.303024,270.465637,404.445831,321.013824,177.050003,102.526039
2022-04-26,153.356552,260.349152,392.732758,308.897186,177.320007,103.558151
2022-04-27,153.131592,272.874298,393.837036,308.527069,175.979996,102.22995
2022-04-28,160.04631,279.05014,403.785156,319.484619,176.929993,102.382195
2022-04-29,154.187866,267.382507,388.862946,305.108215,176.910004,101.053978
2022-05-02,154.491043,274.078583,391.203766,310.202332,173.630005,99.302361
2022-05-03,155.977707,271.486938,392.997009,310.533508,174.089996,99.971802
2022-05-04,162.374054,279.38736,404.964874,321.033295,175.800003,100.522644
2022-05-05,153.327194,267.218781,390.57135,304.864807,175.130005,97.768517
2022-05-06,154.052002,264.694458,388.240082,301.212219,175.419998,96.327888
2022-05-09,148.939133,254.915161,375.809662,289.426727,172.880005,97.175285
2022-05-10,151.338867,259.655457,376.677917,292.942871,171.419998,98.056595
2022-05-11,143.493271,251.03241,370.694031,284.254669,172.820007,99.946404
2022-05-12,139.634109,246.022369,370.306976,283.582672,170.169998,99.759979
2022-05-13,144.090729,251.581589,379.160248,294.092255,168.789993,98.285431
2022-05-16,142.552963,251.947769,377.621887,290.683197,170.399994,98.183731
2022-05-17,146.177048,257.073456,385.389679,298.21228,169.330002,96.997314
2022-05-18,137.929855,245.368912,369.853882,283.572876,169.419998,99.065063
2022-05-19,134.531052,244.461151,367.588776,282.053497,171.910004,99.302361
2022-05-20,134.766129,243.901047,367.749237,281.17688,172.029999,100.429451
2022-05-23,140.172806,251.713684,374.629822,285.852081,172.830002,98.776932
2022-05-24,137.479279,250.719009,371.769989,279.774261,174.130005,100.726044
2022-05-25,137.635986,253.519516,375.054596,283.689789,173.080002,101.124336
2022-05-26,140.829086,256.783661,382.548676,291.55011,172.759995,100.666718
2022-05-27,146.568802,263.872009,391.939911,301.066162,172.850006,100.912476
2022-05-31,145.785233,262.549011,389.740723,300.267456,171.139999,98.776932
2022-06-01,145.657944,263.080139,386.588318,298.046722,172.229996,98.66404
2022-06-02,148.106567,265.166046,393.950378,306.208954,174.350006,98.714951
2022-06-03,142.396271,260.76239,387.484985,298.241516,172.580002,98.502747
2022-06-06,143.140656,259.53598,388.664764,299.235077,171.820007,96.685989
2022-06-07,145.657944,263.157379,392.392944,301.816162,172.940002,97.730202
2022-06-08,144.923279,261.139038,388.126831,299.644165,172.779999,96.864281
2022-06-09,139.712494,255.711746,378.895935,291.618256,172.229996,97.186882
2022-06-10,134.315567,244.316299,367.909637,281.332703,174.539993,96.584122
2022-06-13,129.173309,233.954178,353.940796,268.251831,169.929993,93.553421
2022-06-14,130.035248,236.107712,352.874268,268.738831,168.570007,92.373367
2022-06-15,132.650406,243.128464,357.905029,275.449646,170.770004,94.096725
2022-06-16,127.390656,236.571243,346.059662,264.336273,172.690002,94.843788
2022-06-17,128.859894,239.159363,346.805695,267.550507,171.270004,95.149399
2022-06-21,133.081406,245.040573,355.536072,274.300659,170.630005,93.536423
2022-06-22,132.572098,244.451508,354.891479,273.900604,171.309998,96.108719
2022-06-23,135.432159,249.985031,358.370361,277.979736,170.259995,96.898254
2022-06-24,138.752655,258.522003,369.764343,287.504333,170.089996,95.556885
2022-06-27,138.752655,255.808304,368.351959,285.396454,169.899994,94.741928
2022-06-28,134.619202,247.686661,360.825439,276.701355,169.619995,95.183372
2022-06-29,136.372452,251.337006,360.531616,276.955017,169.490005,96.669029
2022-06-30,133.913986,248.024597,357.602539,273.519989,168.460007,97.51799
2022-07-01,136.078613,250.680267,361.384674,275.325348,168.320007,98.519188
2022-07-05,138.654648,253.838257,362.067261,280.038849,164.75,99.293228
2022-07-06,139.98674,257.083008,363.290039,281.834473,162.139999,97.625969
2022-07-07,143.346344,259.197968,368.73114,287.865387,162.229996,96.766846
2022-07-08,144.022156,258.483337,368.427856,288.226501,162.300003,95.695068
2022-07-11,141.896729,255.441345,364.219055,282.068695,161.429993,97.345291
2022-07-12,142.866409,244.972961,360.996063,279.336273,160.830002,97.923721
2022-07-13,142.504013,244.055527,359.10025,278.760437,161.600006,99.046547
2022-07-14,145.422836,245.368912,358.22818,279.755859,159.330002,98.238457
2022-07-15,147.087921,247.918411,365.072113,284.830444,159.009995,98.791344
2022-07-18,144.05159,245.533081,362.05777,282.420013,159.160004,97.762123
2022-07-19,147.900894,250.632019,371.840302,291.105255,159.539993,97.234718
2022-07-20,149.899002,253.278091,374.210114,295.721252,158.039993,97.489899
2022-07-21,152.161621,255.759933,378.020752,299.966278,160.270004,99.174118
2022-07-22,150.927475,251.433609,374.513367,294.706329,160.669998,100.841347
2022-07-25,149.810883,249.956055,374.968475,293.027802,160.229996,99.854622
2022-07-26,148.488586,243.263657,370.532196,287.270142,160.039993,99.931175
2022-07-27,153.572067,259.526245,380.153534,299.410065,161.669998,99.369781
2022-07-28,154.12059,266.933319,384.9216,302.337738,163.639999,100.160866
2022-07-29,159.174667,271.114899,390.533295,307.851532,164.100006,99.888626
2022-08-01,158.195206,268.478516,389.376801,307.666046,165.029999,102.294312
2022-08-02,156.725998,265.397858,386.807983,306.748718,164.050003,100.129791
2022-08-03,162.720367,272.785553,392.865112,315.102325,164.449997,101.706306
2022-08-04,162.406967,273.925079,392.599762,316.575836,167.169998,101.672226
2022-08-05,162.181351,273.210449,391.936127,313.989716,165.289993,99.252075
2022-08-08,161.710541,270.70932,391.481171,312.974823,166.690002,100.854149
2022-08-09,161.759567,272.621399,389.926636,309.432373,167.199997,100.462128
2022-08-10,165.996811,279.246216,398.116608,318.069031,166.779999,99.806
2022-08-11,165.261169,277.179626,398.116608,316.26355,166.339996,97.479584
2022-08-12,168.801987,281.901947,404.856293,322.421448,167.869995,98.468102
2022-08-15,169.871094,283.408417,406.524597,325.026978,165.710007,98.382889
2022-08-16,169.714188,282.67453,407.320923,324.265778,165.419998,98.791908
2022-08-17,171.205048,281.929352,404.429688,320.567139,164.350006,97.760765
2022-08-18,170.812714,280.816437,405.605164,321.338104,163.919998,97.905609
2022-08-19,168.233124,276.925934,400.154694,315.072937,162.720001,96.329132
2022-08-22,164.358795,268.796692,391.822418,306.778015,161.639999,96.005295
2022-08-23,164.025284,267.528961,390.874573,306.524231,162.770004,95.476997
2022-08-24,164.31958,266.899933,392.125824,307.412292,163.25,94.778175
2022-08-25,166.771652,269.861328,397.661652,312.847961,163.75,96.099045
2022-08-26,160.484512,259.448151,384.201141,300.024872,161.759995,96.823418
2022-08-29,158.28746,256.680359,381.660736,297.067963,161.860001,96.022369
2022-08-30,155.864746,254.493134,377.470978,293.759735,160.509995,96.260963
2022-08-31,154.207138,253.041519,374.598663,292.051971,159.270004,95.34063
2022-09-01,154.932968,252.005997,375.7742,292.178802,157.869995,93.5951
2022-09-02,152.824158,247.805908,371.811829,288.050873,159.259995,94.12458
2022-09-06,151.568695,245.086487,370.408966,285.981995,158.330002,91.793198
2022-09-07,152.971283,249.770493,377.063354,291.759186,159.940002,93.244987
2022-09-08,151.500046,250.1866,379.527954,293.271759,158.979996,92.288528
2022-09-09,154.354263,255.935104,385.424011,299.683319,159.820007,92.493484
2022-09-12,160.298141,258.054504,389.566315,303.245361,160.630005,91.733459
2022-09-13,150.891891,243.867172,372.627045,286.616333,158.539993,91.946945
2022-09-14,152.333755,244.089691,374.049011,288.890137,157.929993,92.262901
2022-09-15,149.450104,237.470169,369.802307,284.07901,154.979996,92.203148
2022-09-16,147.812103,236.8508,366.981079,282.341888,155.839996,91.43457
2022-09-19,151.519669,236.637894,369.826996,284.540588,155.960007,91.648033
2022-09-20,153.893265,234.634628,365.58194,282.272522,155.070007,90.734314
2022-09-21,150.774216,231.247452,359.204803,277.21817,155.789993,92.254372
2022-09-22,149.813004,233.212006,356.1875,273.806213,155.699997,89.897408
2022-09-23,147.547272,230.250671,350.219666,269.348206,153.009995,90.264641
2022-09-26,147.880753,229.795807,346.755096,268.233704,151.229996,88.539597
2022-09-27,148.851746,228.789322,345.869873,268.341217,151.539993,86.20829
2022-09-28,146.968567,233.299133,352.675354,273.679169,154.690002,89.094704
2022-09-29,139.749588,229.844208,345.308289,265.789612,154.660004,88.63356
2022-09-30,135.551636,225.392487,339.968658,261.282684,154.669998,87.489235
2022-10-03,139.720169,232.979797,348.944214,267.412476,158.429993,88.879387
2022-10-04,143.300217,240.857361,359.756866,275.82016,160.699997,88.631142
2022-10-05,143.594482,241.167053,358.91925,275.673462,159.809998,87.783669
2022-10-06,142.643066,238.834732,355.216705,273.503082,159.630005,87.295784
2022-10-07,137.405396,226.689285,345.308289,263.081573,157.880005,86.448311
2022-10-10,137.72908,221.860138,342.671753,260.451721,155.479996,85.10437
2022-10-11,136.316681,218.143906,340.501587,256.873535,155.160004,85.481033
2022-10-12,135.688965,218.472946,339.37854,256.785675,155.990005,85.900482
2022-10-13,140.249863,226.689285,348.335052,262.8078,154.910004,85.078697
2022-10-14,135.728195,221.192398,340.396973,254.908539,152.979996,84.376778
2022-10-17,139.680923,229.87323,349.144165,263.325989,153.419998,83.965889
2022-10-18,140.995285,230.811981,353.24646,265.408295,153.75,84.162781
2022-10-19,141.103195,228.857056,350.743195,264.440491,151.690002,82.630508
2022-10-20,140.642166,228.53772,347.802032,263.091278,151.449997,81.218094
2022-10-21,144.44783,234.315262,356.254181,269.260132,154.149994,79.754326
2022-10-24,146.58606,239.279907,360.613464,272.222443,153.649994,79.095215
2022-10-25,149.420654,242.579971,366.371979,277.853607,154.0,81.397873
2022-10-26,146.48793,223.863403,363.611633,271.714111,154.979996,82.57061
2022-10-27,142.025177,219.440704,361.669952,266.767212,154.740005,83.435158
2022-10-28,152.755524,228.266724,370.274323,274.930481,153.160004,82.861641
2022-10-31,150.401489,224.647308,367.599731,271.733673,151.910004,82.271011
2022-11-01,147.763031,220.814957,365.991241,268.957123,153.460007,83.039864
2022-11-02,142.250717,213.005096,356.806244,259.738037,152.389999,82.679474
2022-11-03,136.218628,207.343674,353.132202,254.664078,151.809998,82.233246
2022-11-04,135.953339,214.253525,358.214874,258.760376,156.470001,80.851692
2022-11-07,136.483856,220.524628,361.641449,261.605316,155.850006,80.045029
2022-11-08,137.053665,221.492355,363.592651,263.511688,159.449997,80.920341
2022-11-09,132.504883,217.272934,356.101868,257.430847,158.649994,81.18634
2022-11-10,144.294449,235.147552,375.671082,276.426239,163.479996,84.309875
2022-11-11,147.074844,239.14444,379.307068,281.519714,164.559998,84.000969
2022-11-14,145.679749,233.763657,376.080383,279.056091,164.919998,83.795006
2022-11-15,147.408859,234.170074,379.288025,282.917755,165.5,85.150826
2022-11-16,146.180801,234.597092,376.394562,279.056091,165.119995,87.012955
2022-11-17,148.07695,234.548553,375.242859,278.440186,163.919998,86.094772
2022-11-18,148.636948,234.102188,376.946564,278.449982,162.789993,85.502663
2022-11-21,145.414459,234.907654,375.575958,275.585541,161.880005,85.86306
2022-11-22,147.546417,237.799728,380.630096,279.554657,162.070007,87.081589
2022-11-23,148.420822,240.274475,383.028625,282.360474,163.080002,88.600456
2022-11-25,145.512711,240.187164,382.942993,280.502991,163.220001,88.30011
2022-11-28,141.690918,234.626205,376.832367,276.387177,161.929993,88.548943
2022-11-29,138.694427,233.238419,376.18512,274.295044,162.729996,87.510674
2022-11-30,145.434113,247.61145,388.035187,286.798981,164.809998,88.154251
2022-12-01,145.709213,247.174713,387.749664,287.150909,167.839996,90.97039
2022-12-02,145.217957,247.49498,387.302368,286.007111,167.259995,92.11441
2022-12-05,144.05867,242.817184,380.335022,281.20694,164.389999,90.824173
2022-12-06,140.403885,237.8871,374.85257,275.380127,164.839996,91.99398
2022-12-07,138.46843,237.159225,374.214844,274.255951,166.330002,94.161598
2022-12-08,140.148438,240.099823,377.146393,277.50174,166.470001,93.903542
2022-12-09,139.667053,238.178223,374.329071,275.732117,167.059998,91.460686
2022-12-12,141.956177,245.059021,379.725891,279.192963,165.679993,91.753143
2022-12-13,142.918991,249.338898,382.600311,282.194305,168.509995,92.639114
2022-12-14,140.698624,249.630051,380.154114,280.102173,168.100006,93.034767
2022-12-15,134.106323,241.662292,370.85498,270.697327,165.350006,93.397789
2022-12-16,132.151184,237.469772,366.476624,268.116394,166.789993,92.354485
2022-12-19,130.048721,233.354889,363.368988,264.348358,166.320007,90.802429
2022-12-20,129.979935,234.665054,363.866241,264.142517,169.080002,89.190079
2022-12-21,133.074722,237.217422,369.306946,267.974335,168.800003,89.41423
2022-12-22,129.911194,231.161606,364.038361,261.418335,166.759995,89.396996
2022-12-23,129.547684,231.685654,366.132385,262.006195,167.259995,88.08638
2022-12-27,127.749786,229.967865,364.688507,258.301941,168.669998,86.344673
2022-12-28,123.829727,227.609558,360.156311,254.891586,167.910004,85.835938
2022-12-29,127.337135,233.898361,366.63913,261.104645,168.850006,86.810272
2022-12-30,127.65152,232.743484,365.67334,260.947906,169.639999,85.844559
2023-01-03,122.876732,232.510574,364.133972,259.183868,171.059998,87.482841
2023-01-04,124.144127,222.339813,366.94516,260.418732,172.669998,88.681343
2023-01-05,122.827629,215.750153,362.75705,256.34201,170.520004,89.052109
2023-01-06,127.346939,218.292831,371.075867,263.417358,173.710007,90.690369
2023-01-09,127.867676,220.418228,370.865509,265.12262,174.100006,91.173195
2023-01-10,128.437469,222.097183,373.466309,267.366669,174.740005,89.664291
2023-01-11,131.149078,228.812973,378.18985,271.992157,174.619995,91.121445
2023-01-12,131.070496,231.472107,379.566742,273.462097,176.639999,92.914917
2023-01-13,132.396774,232.170914,381.039276,275.343689,178.759995,92.04409
2023-01-17,133.556122,233.257828,380.341278,275.902313,177.589996,91.449089
2023-01-18,132.838913,228.851791,374.336426,272.315582,177.080002,93.6651
2023-01-19,132.897873,225.086273,371.611267,269.640228,179.889999,93.078773
2023-01-20,135.45224,233.131668,378.534149,277.01947,179.289993,91.569832
2023-01-23,138.635468,235.422028,383.075989,283.173706,179.630005,91.138733
2023-01-24,140.030563,234.897964,382.664795,282.595551,180.279999,92.449333
2023-01-25,139.372314,233.510162,382.808258,281.968384,181.110001,92.673515
2023-01-26,141.435471,240.682083,387.015442,287.465973,179.470001,92.242393
2023-01-27,143.370956,240.837387,387.904755,290.327484,179.220001,92.00959
2023-01-30,140.49231,235.548218,383.037659,284.457428,178.759995,91.673302
2023-01-31,141.759689,240.497726,388.669647,288.720337,179.410004,92.406197
2023-02-01,142.879684,245.291916,392.800385,294.894196,181.669998,93.517052
2023-02-02,148.175201,256.792328,398.518372,305.477936,177.899994,93.638062
2023-02-03,151.790634,250.72673,394.282471,300.048828,173.460007,92.237648
2023-02-06,149.069214,249.193298,391.872833,297.510712,173.820007,91.554749
2023-02-07,151.938034,259.664917,396.997986,303.674744,173.979996,90.819901
2023-02-08,149.25589,258.859467,392.656891,298.275116,174.410004,91.25219
2023-02-09,148.224289,255.841156,389.252869,295.639008,173.029999,90.387718
2023-02-10,148.588379,255.336578,390.161377,293.698669,173.360001,89.376266
2023-02-13,151.382858,263.313995,394.741425,298.402527,172.479996,90.128365
2023-02-14,150.743271,264.138977,394.559723,300.607452,172.610001,89.920898
2023-02-15,152.839096,262.02771,395.841034,302.910431,170.889999,89.08239
2023-02-16,151.245071,255.051865,390.390747,297.226501,170.75,87.820282
2023-02-17,150.103668,251.072556,389.415466,295.129425,171.259995,88.503189
2023-02-21,146.098938,245.828522,381.603455,288.142181,170.619995,86.782913
2023-02-22,146.522064,244.699921,381.077545,288.357788,169.660004,87.578217
2023-02-23,147.00415,247.871628,383.104584,290.876373,169.570007,88.433998
2023-02-24,144.357346,242.471893,379.012207,286.005829,168.350006,87.284317
2023-02-27,145.547897,243.386444,380.303009,288.053986,169.009995,87.526344
2023-02-28,145.046127,242.666473,378.897461,287.68158,169.779999,87.923996
2023-03-01,142.979782,239.601791,377.444061,285.368805,170.759995,86.979408
2023-03-02,143.570175,244.31073,380.379486,287.73056,170.660004,86.208183
2023-03-03,148.608063,248.377533,386.480011,293.679047,172.490005,88.296638
2023-03-06,151.363159,249.914764,386.747711,294.012268,171.619995,87.612022
2023-03-07,149.168915,247.268372,380.819397,290.405914,168.619995,88.149323
2023-03-08,150.418549,246.830597,381.440918,291.856293,168.539993,88.235954
2023-03-09,148.175095,245.487976,374.403412,286.799622,170.199997,88.452621
2023-03-10,146.118622,241.858948,369.000977,282.771851,173.869995,91.502975
2023-03-13,148.057037,247.044662,368.475006,284.869019,177.860001,91.71096
2023-03-14,150.143021,253.728683,374.565979,291.415283,176.830002,90.203125
2023-03-15,150.536606,258.252716,372.223297,292.944122,178.210007,91.944954
2023-03-16,153.350754,268.721375,378.753998,300.666321,178.570007,91.225677
2023-03-17,152.514389,271.863953,374.325317,299.24527,183.770004,92.59491
2023-03-20,154.875885,264.858856,377.924652,300.307251,183.839996,91.780327
2023-03-21,156.725769,266.366852,382.887085,304.596405,180.369995,90.991745
2023-03-22,155.299026,264.917267,376.360229,300.454529,183.440002,92.204948
2023-03-23,156.381363,270.141846,377.377655,304.017303,185.740005,92.204948
2023-03-24,157.680191,272.973053,379.854004,305.136292,183.649994,92.59491
2023-03-27,155.741776,268.896484,380.564209,303.045624,181.949997,90.419792
2023-03-28,155.121887,267.777649,379.710052,301.435944,183.440002,90.584435
2023-03-29,158.191864,272.914642,385.229034,306.932343,182.529999,90.402443
2023-03-30,159.756348,276.358826,387.48468,309.837524,184.179993,90.818398
2023-03-31,162.255646,280.493774,392.946106,314.990387,183.220001,92.17894
2023-04-03,163.505264,279.452728,394.443451,314.224823,184.539993,92.612465
2023-04-04,162.973938,279.404022,392.255066,313.164795,187.979996,93.072937
2023-04-05,161.133942,276.640991,391.228027,310.073151,187.830002,94.045944
2023-04-06,162.019501,283.704437,392.754181,312.163666,186.490005,94.289192
2023-04-10,159.431656,281.55426,393.157227,311.98703,185.110001,92.76886
2023-04-11,158.221375,275.171844,393.262909,309.984802,186.279999,92.959961
2023-04-12,157.532654,275.813965,391.659882,307.246429,187.190002,92.86441
2023-04-13,162.90506,281.992065,396.862213,313.263,189.720001,92.134628
2023-04-14,162.560684,278.392273,395.892822,312.674103,186.360001,91.291924
2023-04-17,162.580322,280.980164,397.313324,312.939056,185.529999,90.20594
2023-04-18,163.800476,280.561798,397.572479,312.958649,186.25,90.527382
2023-04-19,164.941849,280.639679,397.505371,312.811554,185.360001,90.440506
2023-04-20,163.977539,278.363037,395.336121,310.426422,186.089996,91.213715
2023-04-21,162.373718,278.022583,395.643188,310.750275,184.25,90.701126
2023-04-24,162.678711,274.140533,396.055969,310.10257,184.809998,91.578629
2023-04-25,161.143784,267.962524,389.768982,304.252838,185.75,92.925224
2023-04-26,161.133942,287.372345,388.118103,306.098083,184.740005,91.934807
2023-04-27,165.709366,296.576141,395.844788,314.421173,184.75,91.022583
2023-04-28,166.958954,298.940369,399.22345,316.590271,184.800003,92.490837
2023-05-01,166.870438,297.286407,398.820312,316.227051,183.970001,89.823906
2023-05-02,165.83725,297.140472,394.337891,313.469025,187.520004,92.062332
2023-05-03,164.764771,296.157776,391.631134,311.417755,189.110001,92.576195
2023-05-04,163.131348,297.140472,388.8573,310.318481,190.440002,91.661667
2023-05-05,170.786606,302.238617,396.055969,316.914185,187.460007,91.356827
2023-05-08,170.717728,300.292755,396.16156,317.699341,187.690002,90.076469
2023-05-09,169.015488,298.687408,394.424286,315.687286,189.020004,89.754242
2023-05-10,170.776733,303.853699,396.26712,319.122498,188.75,90.625206
2023-05-11,170.963699,301.713226,395.57608,320.162903,187.130005,91.58329
2023-05-12,170.037506,300.604034,395.057709,319.014557,186.809998,90.816833
2023-05-15,169.544846,301.080811,396.420715,320.741974,187.210007,89.876167
2023-05-16,169.544846,303.299072,393.771545,321.105103,184.869995,89.606155
2023-05-17,170.155731,306.16571,398.551514,324.991791,184.229996,89.344856
2023-05-18,172.481094,310.572937,402.3909,331.027954,181.839996,88.682922
2023-05-19,172.589493,310.397461,401.805359,330.282043,183.639999,88.055809
2023-05-22,171.6436,313.166595,401.968567,331.391205,183.210007,87.742256
2023-05-23,169.042328,307.394287,397.457306,327.190308,183.429993,87.99485
2023-05-24,169.318207,306.01944,394.57782,325.511993,181.949997,87.559349
2023-05-25,170.45134,317.78833,397.994781,333.432678,180.199997,87.341606
2023-05-26,172.855515,324.584412,403.149139,341.951996,180.919998,88.047104
2023-05-30,174.69809,322.946259,403.302643,343.502747,182.039993,88.926804
2023-05-31,174.648834,320.196716,401.066284,341.549591,182.320007,89.701965
2023-06-01,177.447159,324.282104,404.87677,345.495209,183.759995,90.053925
2023-06-02,178.29451,327.031769,410.731812,348.086365,181.050003,89.067085
2023-06-05,176.944641,327.55835,409.944794,348.331696,182.139999,88.901146
2023-06-06,176.580078,325.354675,410.837402,348.272827,182.339996,89.42514
2023-06-07,175.21048,315.311676,409.416809,342.364227,180.149994,88.097702
2023-06-08,177.920105,317.144714,411.893219,346.614075,182.529999,89.128227
2023-06-09,178.304398,318.636597,412.632263,347.939087,182.039993,89.005943
2023-06-12,181.092834,323.570343,416.375641,353.818176,181.880005,89.267929
2023-06-13,180.619888,325.949493,419.120758,356.536987,180.539993,88.385933
2023-06-14,181.250488,328.92337,419.619904,359.128113,180.639999,89.093254
2023-06-15,183.280243,339.414948,424.822174,363.40741,181.910004,89.949112
2023-06-16,182.206268,333.788879,423.375153,361.120544,181.630005,89.599792
2023-06-20,182.294937,329.61557,421.178619,360.603607,179.75,90.219833
2023-06-21,181.260361,325.237671,419.020538,355.689392,179.490005,90.438164
2023-06-22,184.255737,331.234222,420.533112,359.886108,177.710007,89.346558
2023-06-23,183.940414,326.661224,417.353943,356.31842,178.199997,90.237305
2023-06-26,182.551117,320.401489,415.648743,351.54184,178.509995,90.333366
2023-06-27,185.300186,326.222443,420.205597,357.586273,177.690002,90.097549
2023-06-28,186.472733,327.47052,420.417603,358.284119,177.279999,90.481812
2023-06-29,186.807724,326.69043,422.074493,357.56665,177.089996,88.848778
2023-06-30,191.123459,332.043518,427.055328,363.080383,178.270004,89.896729
2023-07-03,189.63562,329.55719,427.546692,363.935394,178.470001,89.387077
2023-07-05,188.522186,329.713104,426.910828,363.925568,177.839996,88.537727
2023-07-06,188.995148,332.755341,423.567841,361.153992,177.309998,87.285477
2023-07-07,187.881699,328.806366,422.498413,359.954926,178.639999,86.760117
2023-07-10,185.842087,323.550812,423.567841,360.072845,178.779999,86.873947
2023-07-11,185.319901,324.174866,426.265259,361.851776,179.449997,87.320541
2023-07-12,186.985107,328.786896,429.695007,366.421967,181.880005,88.292511
2023-07-13,187.743759,334.110687,433.10553,372.643341,182.009995,89.220711
2023-07-14,187.891617,336.626251,432.835693,372.564728,181.429993,88.695335
2023-07-17,191.143173,337.104065,434.338684,376.043945,181.559998,88.739098
2023-07-18,190.886993,350.52066,437.56601,379.12027,183.639999,89.141899
2023-07-19,192.236847,346.220703,438.538971,379.03183,183.669998,90.148903
2023-07-20,190.295807,338.215668,435.629578,370.294373,182.740005,89.054321
2023-07-21,189.12323,335.192993,435.629578,369.183777,182.179993,89.08062
2023-07-24,189.921371,336.499512,437.575714,369.773529,181.399994,88.756607
2023-07-25,190.77858,342.223022,438.770233,372.279633,182.410004,88.590256
2023-07-26,191.64566,329.342621,438.837677,371.04129,183.300003,88.677795
2023-07-27,190.384445,322.468536,435.928192,370.15683,180.419998,86.952759
2023-07-28,192.956131,329.927643,440.196106,376.899109,181.860001,87.399345
2023-07-31,193.567062,327.538818,441.034241,377.095581,182.350006,87.609489
2023-08-01,192.739395,327.948364,439.772186,376.220917,180.460007,86.173843
2023-08-02,189.75386,319.328918,433.654633,367.965088,179.600006,85.251854
2023-08-03,188.364548,318.509857,432.411774,367.375336,179.539993,83.284996
2023-08-04,179.319305,319.601868,430.456116,365.655365,180.190002,84.760124
2023-08-07,176.225327,321.873779,434.213318,368.751312,179.779999,83.925987
2023-08-08,177.161392,317.9151,432.325104,365.616028,178.639999,84.900642
2023-08-09,175.575043,314.190399,429.434906,361.596252,177.789993,85.339706
2023-08-10,175.358246,314.872955,429.589142,362.264587,177.600006,83.934776
2023-08-11,175.417435,313.000793,429.338562,359.954926,177.600006,83.741592
2023-08-14,177.065201,315.9552,431.708588,363.994415,177.059998,83.557198
2023-08-15,175.082001,313.829559,426.679596,360.131805,176.589996,83.047928
2023-08-16,174.213745,313.067413,423.548584,356.31842,175.570007,82.398155
2023-08-17,171.678055,309.628052,420.321136,352.426422,175.300003,82.046921
2023-08-18,172.161514,309.237183,420.523468,351.984009,175.330002,82.33667
2023-08-21,173.493484,314.513611,423.259521,357.65506,175.809998,81.239105
2023-08-22,174.864899,315.080322,422.113098,357.143982,176.100006,81.862511
2023-08-23,178.703018,319.516418,426.814423,362.775665,177.889999,83.890877
2023-08-24,174.026276,312.647278,420.89917,355.021057,177.850006,83.3377
2023-08-25,176.226532,315.588409,423.866486,357.77298,177.619995,83.609894
2023-08-28,177.785446,316.291931,426.554413,360.465973,178.130005,83.697693
2023-08-29,181.66301,320.894135,432.720123,368.33847,179.869995,84.566986
2023-08-30,185.145889,321.265533,434.50238,370.392639,180.320007,84.479179
2023-08-31,185.362915,320.259064,433.866577,371.503296,180.020004,84.856728
2023-09-01,186.931747,321.138397,434.675781,371.110138,180.110001,83.534805
2023-09-05,187.168533,325.916473,432.797119,371.581879,178.639999,82.363457
2023-09-06,180.469147,325.261871,429.887726,368.309082,177.830002,82.566032
2023-09-07,175.190521,322.359863,428.567902,365.674988,178.020004,82.795021
2023-09-08,175.802246,326.620026,429.213379,366.186127,178.080002,83.112076
2023-09-11,176.966507,330.206085,432.036102,370.500824,178.410004,82.513184
2023-09-12,173.947342,324.177216,429.666107,366.392456,177.490005,82.988792
2023-09-13,171.885254,328.36908,430.167145,367.788116,177.080002,82.971169
2023-09-14,173.394821,330.948669,433.87619,370.795593,177.169998,82.372284
2023-09-15,172.674545,322.66272,428.648743,364.446472,178.339996,81.870285
2023-09-18,175.595047,321.529266,428.900055,364.826385,179.389999,82.337036
2023-09-19,176.680374,321.128693,428.01059,364.048859,179.220001,81.729347
2023-09-20,173.148178,313.429016,424.075806,358.802765,179.350006,81.984749
2023-09-21,171.608963,312.217407,417.066498,352.227783,178.050003,79.879883
2023-09-22,172.457489,309.755005,416.128723,352.277069,178.619995,80.522789
2023-09-25,173.730286,310.272949,417.878632,353.950317,177.699997,78.541214
2023-09-26,169.665268,304.99649,411.73941,348.635284,176.279999,78.268204
2023-09-27,168.155701,305.631653,411.903748,349.45224,174.100006,77.863075
2023-09-28,168.412201,306.462189,414.291779,352.375488,173.229996,78.100861
2023-09-29,168.925293,308.523895,413.286346,352.631348,171.449997,78.109657
2023-10-02,171.431366,314.435394,413.121979,355.574341,169.649994,76.802101
2023-10-03,170.09938,306.217896,407.591888,349.334137,169.160004,75.149963
2023-10-04,171.342606,311.66037,410.559998,354.088104,169.139999,76.210167
2023-10-05,172.575897,312.051239,410.405212,353.044769,168.830002,75.830261
2023-10-06,175.12146,319.770477,415.277954,358.960236,169.699997,74.911453
2023-10-09,176.60144,322.271851,417.936615,360.790955,172.820007,76.669571
2023-10-10,176.009445,320.874634,420.111938,362.78894,172.529999,76.563568
2023-10-11,177.40062,324.812378,421.832825,365.377625,173.789993,78.162674
2023-10-12,178.298508,323.581238,419.261108,364.10788,173.259995,76.042313
2023-10-13,176.463318,320.229706,417.172882,359.531067,178.830002,77.402885
2023-10-16,176.335052,325.027374,421.562134,363.5961,177.960007,76.157166
2023-10-17,174.786011,324.460602,421.542786,362.405121,178.289993,75.317841
2023-10-18,173.493484,322.555237,415.925629,357.651123,180.869995,74.655235
2023-10-19,173.118546,323.737549,412.271149,354.304626,183.089996,73.126778
2023-10-20,170.572983,319.19397,407.20517,349.019135,183.589996,73.542007
2023-10-23,170.691391,321.783325,406.49942,350.072388,182.970001,74.425507
2023-10-24,171.125488,322.965668,409.564148,353.477844,182.949997,75.406166
2023-10-25,168.816742,332.873596,403.686035,344.826202,183.720001,73.727554
2023-10-26,164.662903,320.386078,398.85202,338.251373,184.009995,74.858429
2023-10-27,165.975174,322.262115,397.044067,339.875397,186.149994,74.540367
2023-10-30,168.017532,329.590485,401.791046,343.704193,185.100006,74.204605
2023-10-31,168.491119,330.372162,404.314453,345.3479,184.089996,73.842415
2023-11-01,171.648407,338.149994,408.626312,351.34198,183.509995,75.443474
2023-11-02,175.200394,340.34848,416.457458,357.720062,184.119995,77.163345
2023-11-03,174.292664,344.725952,420.256989,361.922791,184.789993,77.686363
2023-11-06,176.838226,348.370575,421.223724,363.3992,183.350006,76.932838
2023-11-07,179.393661,352.279053,422.422516,366.834381,182.589996,78.067574
2023-11-08,180.449402,354.887939,422.731934,367.070496,180.770004,79.397385
2023-11-09,179.9758,352.435425,419.435181,364.245697,181.490005,77.571121
2023-11-10,184.154861,361.209869,425.980316,372.434753,179.509995,78.005508
2023-11-13,182.574142,358.288269,425.574341,371.273315,180.509995,77.828217
2023-11-14,185.182312,361.796112,433.830719,379.265503,182.119995,79.592384
2023-11-15,185.745438,361.942993,434.749207,379.550964,181.639999,78.475388
2023-11-16,187.425018,368.307129,435.280945,379.875732,183.690002,79.450577
2023-11-17,187.405243,362.119293,435.822327,379.964386,183.669998,79.822906
2023-11-20,189.144028,369.550598,439.177094,384.590302,183.369995,80.310486
2023-11-21,188.343796,365.271942,438.219971,382.35611,185.350006,80.275032
2023-11-22,189.005707,369.952057,439.911926,383.921112,184.559998,80.558739
2023-11-24,187.68187,369.540802,440.182587,383.3797,185.520004,79.610146
2023-11-27,187.504013,370.696167,439.389801,383.045074,186.770004,80.939926
2023-11-28,188.106674,374.700684,439.82486,384.049072,189.259995,81.099533
2023-11-29,187.089081,370.931152,439.515564,383.675018,189.539993,82.119026
2023-11-30,187.662079,370.989929,441.246033,382.710449,188.75,81.170425
2023-12-01,188.936554,366.681824,443.856445,383.802948,192.009995,82.699219
2023-12-04,187.148361,361.424103,441.526489,380.23999,187.860001,82.370148
2023-12-05,191.090317,364.73349,441.439423,381.194672,187.149994,84.139885
2023-12-06,190.003601,361.091156,439.660553,378.989899,187.839996,85.26049
2023-12-07,191.930069,363.19632,443.01532,384.285248,188.149994,84.771362
2023-12-08,193.352737,366.407715,444.919922,385.997925,185.639999,84.077667
2023-12-11,190.85318,363.53894,446.650482,389.295105,183.589996,83.899796
2023-12-12,192.364777,366.554596,448.690399,392.395569,183.490005,84.148796
2023-12-13,195.575623,366.544769,454.877869,397.385742,187.630005,86.123146
2023-12-14,195.723785,358.281189,456.337769,397.04129,188.729996,88.363457
2023-12-15,195.190323,362.980865,455.586456,398.960602,187.0,88.461594
2023-12-18,193.530518,364.860748,458.149139,401.47348,187.850006,87.75676
2023-12-19,194.567902,365.458038,460.935059,403.524872,189.130005,88.229607
2023-12-20,192.483307,362.873138,454.547791,397.528656,188.100006,88.827354
2023-12-21,192.335129,365.732117,458.857758,402.154053,189.429993,88.265305
2023-12-22,191.268143,366.750397,459.779938,402.755615,190.270004,87.863815
2023-12-26,190.724762,366.828674,461.721375,405.221161,191.720001,88.113625
2023-12-27,190.823578,366.251068,462.556183,406.046112,192.589996,89.674995
2023-12-28,191.248383,367.435791,462.730896,405.848724,191.470001,89.023666
2023-12-29,190.211029,368.17984,461.391327,404.092316,191.169998,88.220695
2024-01-02,183.403992,363.11792,458.809235,397.25415,190.720001,87.712135
2024-01-03,182.030762,362.853577,455.062256,393.050659,189.130005,88.07795
2024-01-04,179.718933,360.249176,453.596466,391.027802,189.320007,86.739647
2024-01-05,178.997711,360.063171,454.217682,391.491577,189.350006,85.909882
2024-01-08,183.324966,366.858154,460.702087,399.582947,187.869995,86.757462
2024-01-09,182.910034,367.935089,460.003235,400.372314,187.929993,86.204323
2024-01-10,183.947372,374.769165,462.604736,403.085815,187.5,85.802841
2024-01-11,183.354614,376.590302,462.40094,403.924591,187.869995,86.28463
2024-01-12,183.680634,380.350098,462.721191,404.131805,189.710007,86.115112
2024-01-16,181.418198,382.112396,461.022461,404.092316,187.910004,84.598351
2024-01-17,180.479645,381.329163,458.459778,401.812927,185.839996,84.464539
2024-01-18,186.357986,385.637146,462.536713,407.516327,187.369995,83.679405
2024-01-19,189.252686,390.336792,468.302826,415.597839,187.929993,83.947083
2024-01-22,191.554626,388.222015,469.292969,416.140533,187.220001,84.446686
2024-01-23,192.829086,390.562042,470.661652,417.867279,187.949997,83.77755
2024-01-24,192.157288,394.145569,471.176178,420.186188,186.399994,83.286827
2024-01-25,191.831253,396.407288,473.738831,420.69931,187.139999,83.83107
2024-01-26,190.102356,395.486908,473.136993,418.192902,187.009995,83.670494
2024-01-29,189.420639,401.155884,476.883881,422.475433,188.330002,84.634064
2024-01-30,185.775101,400.049438,476.515076,419.663177,188.589996,85.401344
2024-01-31,182.178955,389.269623,468.739624,411.443634,188.449997,86.240013
2024-02-01,184.609314,395.339996,474.874634,416.288513,190.410004,87.931717
2024-02-02,183.611496,402.624542,479.873779,423.324066,188.610001,85.989372
2024-02-05,185.419434,397.170929,478.126434,422.771484,187.570007,84.25296
2024-02-06,187.019928,397.014374,479.514618,421.922852,188.550003,85.076439
2024-02-07,187.128601,405.395386,483.513916,426.264557,188.5,84.664696
2024-02-08,186.051743,405.454102,483.727509,427.053955,188.330002,84.172394
2024-02-09,186.813416,411.759491,486.523163,431.257416,187.600006,84.002335
2024-02-12,185.13176,406.580048,486.309631,429.570068,187.110001,84.100784
2024-02-13,183.044495,397.826904,479.611664,422.870087,184.529999,82.659729
2024-02-14,182.164124,401.672058,483.970184,427.478241,184.419998,83.080391
2024-02-15,181.877228,398.798035,487.309479,428.751099,185.660004,83.510048
2024-02-16,180.343948,396.345764,484.88266,424.863342,186.339996,83.026718
2024-02-20,179.602036,395.100037,482.213257,421.656433,187.470001,83.098312
2024-02-21,180.353851,394.501709,482.650024,419.969086,187.479996,82.507568
2024-02-22,182.381714,403.790894,492.638702,432.264008,187.559998,82.910355
2024-02-23,180.551727,402.505859,492.978424,430.991058,188.619995,84.020233
2024-02-26,179.206375,399.759308,491.172882,430.764099,188.199997,83.769615
2024-02-27,180.660492,399.7005,492.085297,431.800201,188.0,83.178879
2024-02-28,179.463547,399.935913,491.434998,429.501038,188.339996,83.706963
2024-02-29,178.800766,405.742828,493.201691,433.181641,189.309998,84.297722
2024-03-01,177.722534,407.567383,497.832001,439.70401,192.889999,84.822975
2024-03-04,173.211716,406.998444,497.298157,438.135101,196.009995,84.481781
2024-03-05,168.285385,394.962616,492.328003,430.270691,197.190002,85.684952
2024-03-06,167.296188,394.413422,494.822845,432.974396,198.809998,86.187744
2024-03-07,167.177475,401.328796,499.734589,439.546173,199.940002,86.106949
2024-03-08,168.88884,398.464539,496.735077,433.201355,201.630005,85.954315
2024-03-11,170.88707,396.796967,496.308014,431.592957,202.0,85.909409
2024-03-12,171.361862,407.351593,501.646973,437.779938,199.789993,85.191124
2024-03-13,169.284546,407.175049,500.860596,434.415039,201.190002,84.778076
2024-03-14,171.134384,417.101837,499.870514,433.319824,200.350006,83.476166
2024-03-15,170.758453,408.469818,496.438171,428.168915,199.710007,83.449234
2024-03-18,171.846588,409.3526,499.388519,432.252655,200.029999,83.197815
2024-03-19,174.181152,413.364502,502.163666,433.329559,199.800003,83.431252
2024-03-20,176.74321,417.111542,506.808411,438.467407,202.179993,83.40432
2024-03-21,169.521896,421.172546,508.483215,440.542297,201.970001,83.583893
2024-03-22,170.422104,420.554596,507.519196,441.046234,200.350006,84.383011
2024-03-25,169.007553,414.786835,506.117065,439.445587,200.990005,83.961029
2024-03-26,167.879837,413.599915,505.182281,438.022797,201.639999,84.194443
2024-03-27,171.440994,413.384125,509.427643,439.514771,203.100006,85.029495
2024-03-28,169.630722,412.687714,509.330292,438.704529,205.720001,84.957664
2024-04-01,168.196396,416.464203,508.444244,439.633301,207.820007,83.37397
2024-04-02,167.019196,413.393921,505.211487,435.839172,210.889999,82.914513
2024-04-03,167.820465,412.422882,505.766449,436.817383,212.740005,82.896515
2024-04-04,166.999451,409.901947,499.593018,430.138092,211.520004,83.491058
2024-04-05,167.751251,417.396057,504.812164,435.206848,215.139999,82.328972
2024-04-08,166.633408,416.483795,505.094574,435.335297,216.479996,82.319954
2024-04-09,167.84024,418.141541,505.678864,436.945831,217.669998,83.085693
2024-04-10,165.970627,415.17923,500.615417,433.131927,215.610001,81.274971
2024-04-11,173.152313,419.760071,504.393585,440.048309,219.800003,80.905602
2024-04-12,174.646057,413.845154,497.431335,433.033081,216.889999,81.33802
2024-04-15,170.827713,405.742828,491.199463,425.909302,220.949997,80.076843
2024-04-16,167.553391,406.664856,490.303589,425.948822,221.220001,79.545341
2024-04-17,166.188293,403.977234,487.401855,420.751648,219.589996,80.428177
2024-04-18,165.238617,396.551788,486.398956,418.350708,220.339996,80.022789
2024-04-19,163.220612,391.500092,482.153534,409.695374,221.029999,80.311043
2024-04-22,164.051544,393.304901,486.593719,413.815521,215.570007,80.175926
2024-04-23,165.100113,399.788757,492.36792,419.990875,215.039993,80.202957
2024-04-24,167.197296,401.250275,492.134216,421.413666,214.639999,79.635399
2024-04-25,168.057907,391.4216,490.264679,419.378265,215.919998,79.076897
2024-04-26,167.474258,398.562683,494.909363,425.849976,216.619995,79.491287
2024-04-29,171.628952,394.570312,496.662109,427.579041,216.179993,80.157906
2024-04-30,168.493134,381.897003,488.794373,419.516541,211.869995,79.473282
2024-05-01,167.474258,387.399872,487.207123,416.483276,213.789993,80.059059
2024-05-02,171.164032,390.244507,491.76416,421.79895,213.130005,80.402557
2024-05-03,181.402405,398.896088,497.859802,430.276489,212.960007,81.216171
2024-05-06,179.750443,405.644806,503.001068,434.989471,215.199997,81.532616
2024-05-07,180.432968,401.524933,503.556183,435.058655,214.210007,82.029793
2024-05-08,180.769318,402.702057,503.604828,434.801758,213.580002,81.532616
2024-05-09,182.57959,404.448059,506.506531,435.750305,216.949997,81.930359
2024-05-10,181.321579,406.821869,507.158966,436.777802,218.710007,81.469307
2024-05-13,184.521088,405.821289,507.227051,437.785675,216.259995,81.677238
2024-05-14,185.660217,408.607147,509.554291,440.601624,218.089996,82.138283
2024-05-15,187.928589,415.751221,515.864136,447.488342,220.889999,83.259254
2024-05-16,188.047455,413.697418,514.802673,446.579346,220.029999,83.17791
2024-05-17,188.077179,412.930908,515.542786,446.361908,223.660004,82.617432
2024-05-20,189.236145,417.972046,516.136658,449.474335,224.559998,82.373329
2024-05-21,190.533768,421.607971,517.402527,450.353638,224.229996,82.798218
2024-05-22,189.097443,423.062317,515.912842,450.264801,220.110001,82.897644
2024-05-23,185.115417,419.60321,512.144531,448.239258,215.720001,82.364288
2024-05-24,188.186127,422.708527,515.533081,452.478058,215.919998,82.608368
2024-05-28,188.196075,422.865784,515.893311,454.187317,218.190002,81.42411
2024-05-29,188.493195,421.735748,512.280762,450.986053,216.160004,80.438728
2024-05-30,189.483765,407.486908,508.882385,446.154449,216.570007,81.216171
2024-05-31,190.434708,407.938934,513.517395,445.324432,215.300003,81.767632
2024-06-03,192.197891,406.356781,513.936096,447.715546,217.220001,83.090187
2024-06-04,192.514862,408.86261,514.51062,448.940765,215.270004,84.060776
2024-06-05,194.020523,416.6651,520.625671,457.991272,217.820007,84.677612
2024-06-06,192.643661,417.16626,520.615845,457.833252,219.429993,84.550629
2024-06-07,195.030914,416.507874,519.982971,457.428131,211.600006,82.999474
2024-06-10,191.296478,420.458282,521.589661,459.275726,213.539993,82.446144
2024-06-11,205.194,425.184875,522.845825,462.427673,214.149994,83.298859
2024-06-12,211.058121,433.419739,527.139954,468.484436,214.720001,83.924728
2024-06-13,212.217072,433.930786,528.201294,471.023682,212.970001,85.158379
2024-06-14,210.483597,434.903625,528.522705,473.464203,215.729996,85.874962
2024-06-17,214.624115,440.603119,532.729187,479.264069,214.610001,85.022316
2024-06-18,212.266571,438.608276,534.082642,479.412231,215.470001,85.802406
2024-06-20,207.700134,437.97937,532.631714,475.716949,218.160004,85.230927
2024-06-21,205.530838,441.988678,531.917725,474.442383,214.779999,85.230927
2024-06-24,206.174637,439.915253,530.188721,469.041016,215.630005,85.575645
2024-06-25,207.095901,443.138458,532.230286,474.404785,214.559998,85.720772
2024-06-26,211.236404,444.327423,532.894592,475.384491,212.580002,84.496193
2024-06-27,212.0784,445.005493,533.73468,476.611603,214.990005,84.831802
2024-06-28,208.631226,439.207703,531.63446,474.137543,215.009995,83.253471
2024-07-01,214.703369,448.818329,532.728455,476.918427,215.570007,81.816597
2024-07-02,218.190125,451.324158,536.31366,481.925873,215.559998,82.45359
2024-07-03,219.458038,452.7883,538.70697,485.943726,217.990005,83.536469
2024-07-05,224.20282,459.460693,541.813477,491.01062,220.929993,84.22805
2024-07-08,225.668839,458.163574,542.43866,492.178314,218.190002,84.410057
2024-07-09,226.520737,451.579681,542.966125,492.603851,218.559998,84.036949
2024-07-10,230.78009,458.17334,548.338928,497.73999,219.360001,84.300873
2024-07-11,225.421219,446.823486,543.610779,486.824524,223.25,85.11982
2024-07-12,228.363144,445.693329,547.039734,489.684509,223.110001,85.483841
2024-07-15,232.186737,446.096283,548.544189,491.000702,223.830002,84.50106
2024-07-16,232.602737,441.733185,551.796997,491.188721,228.289993,85.693146
2024-07-17,226.718842,435.837128,544.060181,476.769928,227.229996,85.711334
2024-07-18,222.063202,432.741669,539.879211,474.51358,225.779999,85.056145
2024-07-19,222.191986,429.538147,536.294067,470.307709,221.729996,84.555656
2024-07-22,221.845291,435.267151,541.823242,477.31427,221.800003,84.309959
2024-07-23,222.885376,437.144073,540.973328,475.631866,222.580002,84.191666
2024-07-24,216.47644,421.470398,528.71344,458.570801,221.800003,83.281685
2024-07-25,215.436401,411.152283,525.95874,453.513855,218.330002,83.964157
2024-07-26,215.901932,417.903229,531.849304,458.1651,220.630005,84.619339
2024-07-29,216.179306,419.337982,532.161926,459.085419,220.320007,85.074333
2024-07-30,216.734039,415.593994,529.46582,452.781525,222.520004,85.401917
2024-07-31,219.983032,411.103149,538.07196,466.18103,226.550003,86.275497
2024-08-01,216.298157,409.884583,530.452393,454.889404,225.770004,87.01963
2024-08-02,217.783997,401.41394,520.576172,444.092621,225.339996,89.731277
2024-08-05,207.294006,388.304993,505.41507,430.851471,222.479996,90.206055
2024-08-06,205.273239,392.687744,510.074829,434.968323,220.699997,88.188271
2024-08-07,207.838821,391.528229,506.665497,430.257721,220.550003,87.567429
2024-08-08,211.295853,395.714417,518.378235,443.419708,224.009995,87.028755
2024-08-09,214.198196,398.986725,520.664062,445.735382,224.559998,87.887009
2024-08-12,215.725433,399.763031,520.937683,446.695374,228.410004,88.206535
2024-08-13,219.434387,406.838318,529.504822,457.779083,228.059998,88.818291
2024-08-14,219.880646,409.638916,531.175171,457.927612,226.199997,89.375214
2024-08-15,222.855789,414.482422,540.279663,469.496277,226.910004,88.653923
2024-08-16,224.174713,411.96228,541.491089,470.099945,231.990005,88.964355
2024-08-19,224.016068,414.97464,546.668518,476.275146,231.610001,89.375214
2024-08-20,224.63092,418.193787,545.779541,475.275696,232.460007,90.087364
2024-08-21,224.52182,417.544128,547.655029,477.492371,232.149994,90.142159
2024-08-22,222.667343,409.087646,543.356873,469.921753,229.369995,89.247368
2024-08-23,224.958191,410.30838,549.130249,475.01825,232.020004,89.831711
2024-08-26,225.295364,407.059723,547.821167,470.406677,232.759995,89.603439
2024-08-27,226.138306,407.404236,548.573364,471.811981,233.389999,89.448257
2024-08-28,224.611099,404.214691,545.388733,466.458099,231.75,89.338684
2024-08-29,227.883698,406.695465,545.437561,465.775269,232.949997,89.046532
2024-08-30,227.100266,410.652985,550.644409,471.327057,231.289993,88.097
2024-09-03,220.921951,403.072662,539.312683,457.01712,230.289993,89.537819
2024-09-04,219.017868,402.541046,538.208801,455.829559,230.429993,90.691994
2024-09-05,220.535187,402.039001,536.89978,456.255096,232.350006,91.204918
2024-09-06,218.988144,395.453033,527.863586,444.033295,230.630005,91.19577
2024-09-09,219.077377,399.410522,533.773682,449.743347,231.600006,91.589638
2024-09-10,218.283997,407.758667,536.098694,453.899841,232.619995,92.230835
2024-09-11,220.812881,416.461182,541.598511,463.756439,232.25,92.157555
2024-09-12,220.921951,420.359558,546.160522,468.308685,236.330002,91.727043
2024-09-13,220.65416,423.893768,549.013062,470.406677,238.679993,91.974373
2024-09-16,214.525467,424.63208,549.823792,468.32843,238.660004,92.817062
2024-09-17,214.991562,428.382843,550.048523,468.575867,237.339996,92.36824
2024-09-18,218.859207,424.110291,548.417114,466.54718,235.509995,91.223244
2024-09-19,226.971329,431.867828,557.775635,478.343445,239.169998,90.920982
2024-09-20,226.3069,428.500916,556.811279,477.433044,242.210007,90.572922
2024-09-23,224.591248,426.768372,558.202759,478.698547,242.679993,90.380554
2024-09-24,225.48378,422.49588,559.799927,481.007568,246.070007,90.362221
2024-09-25,224.492065,425.390106,558.565247,481.453522,245.729996,89.611122
2024-09-26,225.632523,424.602539,560.779785,485.070709,246.979996,89.821793
2024-09-27,225.900299,421.36377,559.966492,482.375153,245.020004,90.28894
2024-09-30,231.067078,423.608246,562.210449,483.683319,243.059998,89.858421
2024-10-01,224.333405,414.147766,557.17395,476.944427,245.610001,90.507217
2024-10-02,224.898666,410.643066,557.408997,477.618347,245.660004,89.744499
2024-10-03,223.797897,410.062225,556.389954,477.261536,245.490005,88.89904
2024-10-04,224.918518,409.589691,561.446167,482.940033,245.0,87.805504
2024-10-07,219.850891,403.171143,556.370361,477.766968,244.169998,87.143852
2024-10-08,223.897049,408.260681,561.632263,484.902252,242.369995,87.290894
2024-10-09,227.635757,410.967926,565.522339,488.717651,241.050003,86.794647
2024-10-10,227.139938,409.373138,564.532776,488.162659,242.820007,86.454659
2024-10-11,225.662292,409.845734,567.91333,488.925751,245.470001,86.105446
2024-10-14,229.381195,412.621857,572.557861,493.028595,245.070007,86.169769
2024-10-15,231.910034,412.228058,568.109253,486.438293,245.919998,87.217377
2024-10-16,229.857208,409.648804,570.578552,486.497772,247.149994,87.584953
2024-10-17,230.224121,410.239471,570.627441,486.834686,248.630005,86.197365
2024-10-18,233.050476,411.657104,572.822449,490.025818,251.270004,86.261681
2024-10-21,234.518219,412.267426,571.881836,490.967255,251.220001,84.754623
2024-10-22,233.903351,420.861633,571.578003,491.50235,253.929993,84.837296
2024-10-23,228.845657,417.996948,566.355225,483.970673,250.869995,84.607574
2024-10-24,228.657242,418.124908,567.580139,487.895111,252.800003,85.149742
2024-10-25,229.490265,421.49173,567.384155,490.868164,253.320007,84.671875
2024-10-28,231.463745,419.955963,569.138123,490.947449,253.330002,84.442139
2024-10-29,231.731522,425.232605,570.059143,495.664612,256.089996,84.570808
2024-10-30,228.191147,425.803589,568.334595,491.91864,257.5,84.818909
2024-10-31,224.035873,400.030701,557.193542,479.501221,253.509995,84.956764
2024-11-01,221.060791,403.98822,559.545166,483.049072,252.470001,83.759018
2024-11-04,220.168243,402.10791,558.339905,481.641815,252.830002,85.05912
2024-11-05,221.596283,405.061249,565.091248,487.786102,253.399994,85.510902
2024-11-06,220.872345,413.64566,579.142578,501.035919,245.699997,83.1689
2024-11-07,225.59288,418.813995,583.620605,508.924347,249.649994,84.210831
2024-11-08,225.324814,415.968994,586.148682,509.519012,247.960007,85.280411
2024-11-11,222.614471,411.50943,586.707153,509.22168,242.139999,84.865494
2024-11-12,222.614471,416.451324,584.884705,508.299988,240.050003,83.593071
2024-11-13,223.498047,418.587585,585.168823,507.645966,237.630005,82.800087
2024-11-14,226.57576,420.251343,581.406128,504.11795,237.009995,83.279564
2024-11-15,223.378952,408.546204,573.959106,492.106934,236.589996,83.058258
2024-11-18,226.377197,409.294434,576.310913,495.525879,241.089996,83.205795
2024-11-19,226.6353,411.292816,578.417419,498.934967,243.25,83.629936
2024-11-20,227.350128,409.028564,578.613525,498.647644,244.619995,83.362534
2024-11-21,226.873581,407.262878,581.719666,500.441376,246.660004,83.297997
2024-11-22,228.213837,411.336792,583.522644,501.244019,249.839996,83.344086
2024-11-25,231.19223,413.102509,585.501953,502.036865,242.479996,85.501686
2024-11-26,233.36647,422.177521,588.559204,504.732422,242.949997,85.169777
2024-11-27,233.237381,417.245453,586.775757,500.758453,243.490005,85.75985
2024-11-29,235.620117,417.709045,590.420898,505.158508,245.589996,86.645027
2024-12-02,237.863831,425.126984,591.479248,510.658661,243.440002,86.85321
2024-12-03,240.901764,425.343964,591.753479,512.224487,243.929993,86.103752
2024-12-04,241.259171,431.479492,595.427917,518.557068,244.669998,87.029015
2024-12-05,241.28894,436.608856,594.44812,517.119995,242.860001,87.204826
2024-12-06,241.090393,437.545959,595.575012,521.748047,242.949997,87.334343
2024-12-09,244.972244,439.962677,592.507996,517.684937,245.360001,86.529373
2024-12-10,245.984863,437.309204,590.665833,515.920959,248.589996,86.122261
2024-12-11,244.714081,442.892365,595.232056,525.157104,250.960007,85.308029
2024-12-12,246.173523,443.45459,592.165039,521.767883,247.279999,84.271767
2024-12-13,246.342316,441.195709,592.047546,525.761719,244.289993,83.41127
2024-12-16,249.231308,445.457031,594.5755,533.333008,244.880005,83.66111
2024-12-17,251.653748,448.288055,592.125854,530.984314,243.940002,83.864647
2024-12-18,246.262848,431.449921,574.478455,511.828033,239.259995,82.815994
2024-12-19,247.990341,431.094788,574.302002,509.548676,239.600006,81.562042
2024-12-20,252.656464,430.670624,581.199951,513.998413,242.100006,82.026459
2024-12-23,253.430847,429.338959,584.680359,519.006104,240.960007,81.274086
2024-12-24,256.339752,433.363525,591.179138,526.043701,241.440002,81.617767
2024-12-26,257.153809,432.160095,591.218506,525.686279,243.070007,81.571358
2024-12-27,253.74852,424.683075,584.994934,518.698364,241.399994,80.902565
2024-12-30,250.382965,419.060455,578.319214,511.799805,240.630005,81.552765
